"Cod_Produto","Produto","Marca","Grupo","Subgrupo"
"1401.0","TORN-PN 175/70R13 TL  AMERICA AT-909 82S ","TORNEL","01-PASSEIO","Radiais S/T"
"4119.0","PIRE-PN 205/60R16 TL  SCORPION ATR 92H ","PIRELLI","02-CAMIONETE","Radiais"
"1465.0","TORN-PN 9.00-20 TT 16PR TXG PLUS 142/138K TRACAO","TORNEL","04-CARGA CONVENCIONAL","Tração"
"2650.0","GETI-PN 195/55R15 TL  EVERTREK HP 85H ","CONTINENTAL","01-PASSEIO","Radiais H"
"4103.0","PIRE-PN 175/65R14 TL  P400 82T ","PIRELLI","01-PASSEIO","Radiais S/T"
"2432.0","VIKR-PN 7.50-16 TT 16PR TRACK KING 124/120M LISO","TORNEL","04-CARGA CONVENCIONAL","Liso"
"1274.0","BARU-PN 185/60R14 TL  BRILLANTIS 2 82H ","CONTINENTAL","01-PASSEIO","Radiais H"
"4189.0","PIRE-PN 215/75R17.5 TL 12PR MC45 126/124M LISO","PIRELLI","03-CARGA RADIAL","Liso"
"4211.0","PIRE-PN 9.00-20 TT 14PR CT65S  LISO","PIRELLI","04-CARGA CONVENCIONAL","Liso"
"1456.0","TORN-PN 7.50-16 TT 14PR T305 122/118M LISO","TORNEL","04-CARGA CONVENCIONAL","Liso"
"2746.0","ALTU-PN 9.00R20 TT 16PR NXG R1 144/142K LISO","ALTURA","03-CARGA RADIAL","Liso"
"1407.0","TORN-PN 175/70R13 TL  ASTRAL 82H ","TORNEL","01-PASSEIO","Radiais H"
"1417.0","TORN-PN 185/65R14 TL  REAL 85H ","TORNEL","01-PASSEIO","Radiais H"
"1421.0","TORN-PN 205/55R16 TL  REAL 89V ","TORNEL","01-PASSEIO","Radiais V"
"2302.0","CONT-PN 195/60R15 TL  CONTIPOWERCONTACT 88V ","CONTINENTAL","01-PASSEIO","Radiais V"
"2307.0","CONT-PN 205/75R16C TL  VANCO 2 110/108R ","CONTINENTAL","02-CAMIONETE","Comerciais Leves"
"1410.0","TORN-PN 205/60R15 TL  ASTRAL 90H ","TORNEL","01-PASSEIO","Radiais H"
"4258.0","PIRE-PN 11.00R22 TT 16PR TR85 151/148K TRACAO","PIRELLI","03-CARGA RADIAL","Tração"
"4054.0","PIRE-PN 205/50R17 TL  PHANTOM 93W XL","PIRELLI","01-PASSEIO","Radiais ZR+W+Y"
"4138.0","PIRE-PN 235/75R15 TL  SCORPION ATR 110S ","PIRELLI","02-CAMIONETE","Radiais"
"4006.0","PIRE-PN 175/65R14 TL  P1 CINTURATO 82T ","PIRELLI","01-PASSEIO","Radiais S/T"
"4026.0","PIRE-PN 185/65R15 TL  P7 88H ","PIRELLI","01-PASSEIO","Radiais H"
"1424.0","TORN-PN 175/70R13 TL  CLASSIC 82S ","TORNEL","01-PASSEIO","Radiais S/T"
"4007.0","PIRE-PN 175/65R14 TL  P4 CINTURATO 82T K1","PIRELLI","01-PASSEIO","Radiais S/T"
"4156.0","PIRE-PN 235/75R15 TL  SCORPION ATR 108T XL WL","PIRELLI","02-CAMIONETE","Radiais"
"1427.0","TORN-PN 165/70R13 TL  REAL 79T ","TORNEL","01-PASSEIO","Radiais S/T"
"1626.0","ALTU-PN 295/80R22.5 TL 16PR NXG R1 152/148M LISO","ALTURA","03-CARGA RADIAL","Liso"
"301.0","CONT-PN 185/70R13 TL  CONTIECOCONTACT 3 86T ","CONTINENTAL","01-PASSEIO","Radiais S/T"
"1463.0","TORN-PN 11.00-22 TT 16PR T 2400 151/147K LISO","TORNEL","04-CARGA CONVENCIONAL","Liso"
"4058.0","PIRE-PN 205/55R16 TL  PHANTOM 91W ","PIRELLI","01-PASSEIO","Radiais ZR+W+Y"
"4143.0","PIRE-PN 255/75R15 TL  SCORPION ATR 109S ","PIRELLI","02-CAMIONETE","Radiais"
"4316.0","PIRE-PN 215/75R17.5 TL 12PR FORMULA DRIVE II 126/124L LISO","PIRELLI","03-CARGA RADIAL","Liso"
"1426.0","TORN-PN 185/60R14 TL  TORNADO 82T ","TORNEL","01-PASSEIO","Radiais S/T"
"3385.0","DUNL-PN 295/80R22.5 TL 16PR SP391 152/148M LISO","DUNLOP","03-CARGA RADIAL","Liso"
"1388.0","TORN-PN 31X10.5R15 TL  AT-09 109Q LN","TORNEL","02-CAMIONETE","Radiais"
"1945.0","GETI-PN 185/60R14 TL  EVERTREK RT 82H ","CONTINENTAL","01-PASSEIO","Radiais H"
"1447.0","TORN-PN 195/55R15 TL  REAL 84V ","TORNEL","01-PASSEIO","Radiais V"
"1429.0","TORN-PN 205/70R15 TL  REAL 95T ","TORNEL","01-PASSEIO","Radiais S/T"
"1458.0","VIKR-PN 10.00-20 TT 16PR TRACK KING 146/142K LISO","TORNEL","04-CARGA CONVENCIONAL","Liso"
"2743.0","ALTU-PN 275/80R22.5 TL 16PR NXG R1  LISO","ALTURA","03-CARGA RADIAL","Liso"
"4005.0","PIRE-PN 175/65R14 TL  SPIDER 82T ","PIRELLI","01-PASSEIO","Radiais S/T"
"1459.0","VIKR-PN 10.00-20 TT 16PR STAR LUG 146/142K TRACAO","TORNEL","04-CARGA CONVENCIONAL","Tração"
"564.0","BARU-PN 175/65R14 TL  BRILLANTIS 2 82T ","CONTINENTAL","01-PASSEIO","Radiais S/T"
"4002.0","PIRE-PN 165/70R13 TL  P4 CINTURATO 79T ","PIRELLI","01-PASSEIO","Radiais S/T"
"478.0","CONT-PN 195/70R15C TL  VANCO 8 104/102R ","CONTINENTAL","02-CAMIONETE","Comerciais Leves"
"1438.0","TORN-PN 185R14C TL 8PR AMERICA CARGO 102/100N ","TORNEL","02-CAMIONETE","Comerciais Leves"
"4041.0","PIRE-PN 195/55R15 TL  PHANTOM 85W ","PIRELLI","01-PASSEIO","Radiais ZR+W+Y"
"1944.0","GETI-PN 175/70R14 TL  EVERTREK RT 84T ","CONTINENTAL","01-PASSEIO","Radiais S/T"
"1434.0","TORN-PN 245/75R16 TL  AT-09 108/104Q LN","TORNEL","02-CAMIONETE","Radiais"
"1405.0","TORN-PN 185/70R14 TL  AMERICA SELECTA 87S ","TORNEL","01-PASSEIO","Radiais S/T"
"1428.0","TORN-PN 175/70R14 TL  REAL 84H ","TORNEL","01-PASSEIO","Radiais H"
"1437.0","TORN-PN 31X10.5R15 TL  DEPORTIVA 109Q ","TORNEL","02-CAMIONETE","Radiais"
"3614.0","DUNL-PN 295/80R22.5 TL 16PR SP871 152/148M TRACAO","DUNLOP","03-CARGA RADIAL","Tração"
"2360.0","TORN-PN 205/70R15 TL  CLASSIC 95S ","TORNEL","01-PASSEIO","Radiais S/T"
"1435.0","TORN-PN 265/75R16 TL  AT-09 112/109Q LB","TORNEL","02-CAMIONETE","Radiais"
"4011.0","PIRE-PN 175/70R13 TL  P4 CINTURATO 82T ","PIRELLI","01-PASSEIO","Radiais S/T"
"1949.0","CONT-PN 195/60R15 TL  CONTIPOWERCONTACT 88H ","CONTINENTAL","01-PASSEIO","Radiais H"
"480.0","CONT-PN 195/60R16 TL  CROSSCONTACT LX 89T OE","CONTINENTAL","02-CAMIONETE","Radiais"
"4048.0","PIRE-PN 195/65R15 TL  P7 91V ","PIRELLI","01-PASSEIO","Radiais V"
"1457.0","VIKR-PN 9.00-20 TT 14PR TRACK KING 141/137K LISO","TORNEL","04-CARGA CONVENCIONAL","Liso"
"314.0","CONT-PN 195/50R15 TL  CONTIPREMIUMCONTACT 2 82V ","CONTINENTAL","01-PASSEIO","Radiais V"
"4019.0","PIRE-PN 185/60R14 TL  P6 82H ","PIRELLI","01-PASSEIO","Radiais H"
"4040.0","PIRE-PN 195/55R15 TL  P7 CINTURATO 85H ","PIRELLI","01-PASSEIO","Radiais H"
"4004.0","PIRE-PN 175/65R14 TL  P6000 82H ","PIRELLI","01-PASSEIO","Radiais H"
"4201.0","PIRE-PN 10.00-20 TT 16PR RT59  TRACAO","PIRELLI","04-CARGA CONVENCIONAL","Tração"
"1414.0","TORN-PN 185/60R15 TL  DIRECCIONAL 84S ","TORNEL","01-PASSEIO","Radiais S/T"
"1436.0","TORN-PN 31X10.5R15 TL  AT-09 109Q LB","TORNEL","02-CAMIONETE","Radiais"
"1950.0","CONT-PN 205/55R16 TL  CONTIPOWERCONTACT 91V ","CONTINENTAL","01-PASSEIO","Radiais V"
"306.0","CONT-PN 165/70R13 TL  CONTIECOCONTACT 3 79T ","CONTINENTAL","01-PASSEIO","Radiais S/T"
"4057.0","PIRE-PN 205/55R16 TL  P7 CINTURATO 91V ","PIRELLI","01-PASSEIO","Radiais V"
"4060.0","PIRE-PN 205/55R16 TL  P7 CINTURATO 94W XL","PIRELLI","01-PASSEIO","Radiais ZR+W+Y"
"1404.0","TORN-PN 175/70R13 TL  AMERICA SELECTA 82S ","TORNEL","01-PASSEIO","Radiais S/T"
"4021.0","PIRE-PN 185/60R15 TL  P7 88H XL","PIRELLI","01-PASSEIO","Radiais H"
"307.0","CONT-PN 175/65R14 TL  CONTIECOCONTACT 3 82T ","CONTINENTAL","01-PASSEIO","Radiais S/T"
"3238.0","PIRE-PN 225/45R17 TL  PHANTON 94W XL","PIRELLI","01-PASSEIO","Radiais ZR+W+Y"
"1432.0","TORN-PN 235/70R16 TL 6PR AT-09 104/101Q LN","TORNEL","02-CAMIONETE","Radiais"
"2477.0","CONT-PN 225/45R17 TL  CONTISPORTCONTACT 5 91W MO","CONTINENTAL","01-PASSEIO","Radiais ZR+W+Y"
"4101.0","PIRE-PN 165/70R13 TL  P400 79T ","PIRELLI","01-PASSEIO","Radiais S/T"
"3620.0","TAIS-PN 18.4-34 TT 14PR TS47  R1","TAISHAN","05-AGRÍCOLA","Traseiros"
"4203.0","PIRE-PN 11.00-22 TT 16PR RT59  TRACAO","PIRELLI","04-CARGA CONVENCIONAL","Tração"
"1472.0","TORN-PN 175/70R13 TL  ASTRAL 82T ","TORNEL","01-PASSEIO","Radiais S/T"
"4174.0","PIRE-PN 175/65R14C TL  CHRONO 90T ","PIRELLI","02-CAMIONETE","Comerciais Leves"
"1239.0","CONT-PN 255/55R19 TL  CONTI4X4CONTACT 111V FR XL","CONTINENTAL","02-CAMIONETE","Radiais"
"4278.0","PIRE-PN 275/80R22.5 TL 16PR FR85 149/146M LISO","PIRELLI","03-CARGA RADIAL","Liso"
"4205.0","PIRE-PN 7.00-16 TT 10PR CT52 113/112L LISO","PIRELLI","02-CAMIONETE","Convencionais"
"4232.0","PIRE-PN 18.4-30 TT 8PR PD22  R2","PIRELLI","05-AGRÍCOLA","Traseiros"
"1943.0","GETI-PN 175/65R14 TL  EVERTREK RT 82T ","CONTINENTAL","01-PASSEIO","Radiais S/T"
"4044.0","PIRE-PN 195/60R15 TL  P7 88H ","PIRELLI","01-PASSEIO","Radiais H"
"4328.0","PIRE-PN 235/75R17.5 TL 14PR FR85 132/130M LISO","PIRELLI","03-CARGA RADIAL","Liso"
"3621.0","MAXT-PN 195/60R15 TL  MAXIMUS M1 88H ","MAXTREK","01-PASSEIO","Radiais H"
"4039.0","PIRE-PN 195/55R15 TL  P7 85H ","PIRELLI","01-PASSEIO","Radiais H"
"4056.0","PIRE-PN 205/55R16 TL  P7 91V ","PIRELLI","01-PASSEIO","Radiais V"
"1041.0","PIRE-PN 10.00R20 TT 16PR FR85 146/143L LISO","PIRELLI","03-CARGA RADIAL","Liso"
"3303.0","DUNL-PN 175/70R13 TL  TOURING T1 82T ","DUNLOP","01-PASSEIO","Radiais S/T"
"3313.0","DUNL-PN 195/60R15 TL  SPORT LM703 88H ","DUNLOP","01-PASSEIO","Radiais H"
"3639.0","DUNL-PN 185/65R14 TL  TOURING T1 86T ","DUNLOP","01-PASSEIO","Radiais S/T"
"3383.0","DUNL-PN 275/80R22.5 TL 16PR SP391 149/146L LISO","DUNLOP","03-CARGA RADIAL","Liso"
"4350.0","PIRE-PN 7.50-18 TT 10PR TD500  F2","PIRELLI","05-AGRÍCOLA","Dianteiros"
"3507.0","MAXT-PN 225/75R16 TL 10PR SU800 118/116S LT","MAXTREK","02-CAMIONETE","Radiais"
"2757.0","TORN-PN 12-16.5 TL 12PR JET TRAX SUPER  ","TORNEL","06-FORA DE ESTRADA","Patrolas/Escavadeiras/Terraplanagem"
"2958.0","PRES-PN 245/70R16 TL  PJ77 107S ","PRESA","02-CAMIONETE","Radiais"
"1195.0","TAIS-PN 23.5-25 TL 20PR TS44  E3/L3","TAISHAN","06-FORA DE ESTRADA","Compactadores"
"1416.0","TORN-PN 185/60R14 TL  REAL 82H ","TORNEL","01-PASSEIO","Radiais H"
"3655.0","MAXT-PN 205/55R16 TL  MAXIMUS M1 94V ","MAXTREK","01-PASSEIO","Radiais V"
"1171.0","TAIS-PN 13.6-38 TT 10PR TS47  R1","TAISHAN","05-AGRÍCOLA","Traseiros"
"1433.0","TORN-PN 235/75R15 TL  AT-09 104/101Q LN","TORNEL","02-CAMIONETE","Radiais"
"4184.0","PIRE-PN 215/75R16C TL  CHRONO 113R ","PIRELLI","02-CAMIONETE","Comerciais Leves"
"4186.0","PIRE-PN 10.00R20 TT 16PR FG85 146/143K MISTO DIRECIONAL","PIRELLI","03-CARGA RADIAL","Mistos"
"4196.0","PIRE-PN 295/80R22.5 TL 18PR FORMULA DRIVE II 152/148M LISO","PIRELLI","03-CARGA RADIAL","Liso"
"4229.0","PIRE-PN 18.4-30 TT 10PR TM95  R1","PIRELLI","05-AGRÍCOLA","Traseiros"
"1164.0","TAIS-PN 7.50-18 TT 8PR TS19  R1","TAISHAN","05-AGRÍCOLA","Dianteiros"
"1418.0","TORN-PN 195/60R15 TL  REAL 87H ","TORNEL","01-PASSEIO","Radiais H"
"3623.0","MAXT-PN 195/65R15 TL  MAXIMUS M1 91H ","MAXTREK","01-PASSEIO","Radiais H"
"1220.0","CONT-PN 295/80R22.5 TL 16PR HSR2 152/148M LISO","CONTINENTAL","03-CARGA RADIAL","Liso"
"1278.0","CONT-PN 205/70R15 TL  CONTI4X4CONTACT 96T ","CONTINENTAL","02-CAMIONETE","Radiais"
"3665.0","MAXT-PN 195/55R15 TL  MAXIMUS M1 85V ","MAXTREK","01-PASSEIO","Radiais V"
"425.0","CONT-PN 225/70R15C TL  VANCO 8 112/110R ","CONTINENTAL","02-CAMIONETE","Comerciais Leves"
"547.0","BARU-PN 205/55R16 TL  BRAVURIS 2 91V ","CONTINENTAL","01-PASSEIO","Radiais V"
"2751.0","TORN-PN 12.4-24 TT 8PR FIELD KING  R1","TORNEL","05-AGRÍCOLA","Traseiros"
"3378.0","DUNL-PN 235/60R18 TL  GRANDTREK PT2 103H ","DUNLOP","02-CAMIONETE","Radiais"
"3381.0","DUNL-PN 11.00R22 TT 16PR SP350A 150/146K LISO","DUNLOP","03-CARGA RADIAL","Liso"
"3387.0","DUNL-PN 295/80R22.5 TL 16PR SP122 152/148M LISO","DUNLOP","03-CARGA RADIAL","Liso"
"3389.0","DUNL-PN 215/75R17.5 TL 12PR SP391 126/124M LISO","DUNLOP","03-CARGA RADIAL","Liso"
"3713.0","DUNL-PN 195/60R15 TL  SPORT LM704 88H ","DUNLOP","01-PASSEIO","Radiais H"
"496.0","CONT-PN 205/70R15C TL  VANCO 8 106/104R ","CONTINENTAL","02-CAMIONETE","Comerciais Leves"
"4024.0","PIRE-PN 185/65R14 TL  P1 CINTURATO 86T ","PIRELLI","01-PASSEIO","Radiais S/T"
"4182.0","PIRE-PN 205/75R16C TL  CHRONO 110R OE","PIRELLI","02-CAMIONETE","Comerciais Leves"
"1449.0","TORN-PN 195/50R15 TL  REAL 81V ","TORNEL","01-PASSEIO","Radiais V"
"4212.0","PIRE-PN 9.00-20 TT 14PR RT59  TRACAO","PIRELLI","04-CARGA CONVENCIONAL","Tração"
"1451.0","TORN-PN 7.50-16 TT 10PR T 1300 116/112L LISO","TORNEL","04-CARGA CONVENCIONAL","Liso"
"4115.0","PIRE-PN 175/70R14 TL  SCORPION ATR 88H XL","PIRELLI","02-CAMIONETE","Radiais"
"4185.0","PIRE-PN 225/70R15C TL  CHRONO 112S ","PIRELLI","02-CAMIONETE","Comerciais Leves"
"2029.0","MAXT-PN 205/70R15 TL  SU830 96T ","MAXTREK","01-PASSEIO","Radiais S/T"
"2433.0","VIKR-PN 7.50-16 TT 16PR STAR LUG 123/119M TRACAO","TORNEL","04-CARGA CONVENCIONAL","Tração"
"4013.0","PIRE-PN 175/70R14 TL  P4 CINTURATO 84T ","PIRELLI","01-PASSEIO","Radiais S/T"
"4397.0","PIRE-PN 275/80R22.5 TL 16PR FG01 149/146L MISTO DIRECIONAL","PIRELLI","03-CARGA RADIAL","Mistos"
"4000.0","PIRE-PN 165/70R13 TL  SPIDER 79T ","PIRELLI","01-PASSEIO","Radiais S/T"
"4104.0","PIRE-PN 175/70R13 TL  P400 82T ","PIRELLI","01-PASSEIO","Radiais S/T"
"1453.0","TORN-PN 10.00-20 TT 16PR T 2400 146/142K LISO","TORNEL","04-CARGA CONVENCIONAL","Liso"
"2542.0","GETI-PN 195/60R15 TL  EVERTREK HP 88H ","CONTINENTAL","01-PASSEIO","Radiais H"
"4187.0","PIRE-PN 11.00R22 TT 16PR FORMULA DRIVE II 150/146L LISO","PIRELLI","03-CARGA RADIAL","Liso"
"3301.0","DUNL-PN 165/70R13 TL  TOURING T1 79T ","DUNLOP","01-PASSEIO","Radiais S/T"
"3345.0","DUNL-PN 235/55R17 TL  SPORT LM703 99V ","DUNLOP","01-PASSEIO","Radiais ZR+W+Y"
"3386.0","DUNL-PN 295/80R22.5 TL 16PR SP431A 152/148M TRACAO","DUNLOP","03-CARGA RADIAL","Tração"
"4355.0","PIRE-PN 9.5-24 TT 6PR TM95  R1","PIRELLI","05-AGRÍCOLA","Traseiros"
"4188.0","PIRE-PN 11.00R22 TT 16PR FR85 152/149K LISO","PIRELLI","03-CARGA RADIAL","Liso"
"4010.0","PIRE-PN 175/70R13 TL  SPIDER 82T ","PIRELLI","01-PASSEIO","Radiais S/T"
"3509.0","MAXT-PN 205/60R15 TL  MAXIMUS M1 91H ","MAXTREK","01-PASSEIO","Radiais H"
"3664.0","MAXT-PN 205/65R15 TL  MAXIMUS M1 94H ","MAXTREK","01-PASSEIO","Radiais H"
"1419.0","TORN-PN 195/65R15 TL  REAL 89V ","TORNEL","01-PASSEIO","Radiais V"
"1420.0","TORN-PN 205/65R15 TL  REAL 92V ","TORNEL","01-PASSEIO","Radiais V"
"1476.0","TORN-PN 245/75R16 TL  AT-09 108/104Q LB","TORNEL","02-CAMIONETE","Radiais"
"1411.0","TORN-PN 185/70R13 TL  CORONA 85S ","TORNEL","01-PASSEIO","Radiais S/T"
"1431.0","TORN-PN 225/75R16 TL  AT-09 103/100Q ","TORNEL","02-CAMIONETE","Radiais"
"1235.0","CONT-PN 295/80R22.5 TL 16PR HDR2 152/148M TRACAO","CONTINENTAL","03-CARGA RADIAL","Tração"
"1952.0","CONT-PN 185/60R15 TL  CONTIPOWERCONTACT 84H ","CONTINENTAL","01-PASSEIO","Radiais H"
"1237.0","CONT-PN 195/75R16C TL  VANCO 2 107/105R ","CONTINENTAL","02-CAMIONETE","Comerciais Leves"
"1933.0","CONT-PN 175/70R14 TL  VANCOCONTACT 2 95/93T ","CONTINENTAL","01-PASSEIO","Radiais S/T"
"4045.0","PIRE-PN 195/60R15 TL  P1 CINTURATO 88H ","PIRELLI","01-PASSEIO","Radiais H"
"1439.0","TORN-PN 31X10.5R15 TL  BRUTE 109Q ","TORNEL","02-CAMIONETE","Radiais"
"4110.0","PIRE-PN 225/50R17 TL  P ZERO NERO AS 98W ZR XL","PIRELLI","01-PASSEIO","Radiais ZR+W+Y"
"4338.0","PIRE-PN 295/80R22.5 TL 16PR FG01 152/148L MISTO DIRECIONAL","PIRELLI","03-CARGA RADIAL","Mistos"
"4117.0","PIRE-PN 205/60R15 TL  SCORPION ATR 91H ","PIRELLI","02-CAMIONETE","Radiais"
"1415.0","TORN-PN 175/65R14 TL  REAL 81H ","TORNEL","01-PASSEIO","Radiais H"
"1452.0","TORN-PN 9.00-20 TT 14PR T 2100 141/137K LISO","TORNEL","04-CARGA CONVENCIONAL","Liso"
"3645.0","DUNL-PN 175/65R14 TL  TOURING T1 82T ","DUNLOP","01-PASSEIO","Radiais S/T"
"1441.0","TORN-PN 185/70R13 TL  ELANZO 85S ","TORNEL","01-PASSEIO","Radiais S/T"
"3628.0","MAXT-PN 185/65R15 TL  MAXIMUS M1 88H ","MAXTREK","01-PASSEIO","Radiais H"
"1222.0","MAXT-PN 195/60R15 TL  SU830 88H ","MAXTREK","01-PASSEIO","Radiais H"
"4023.0","PIRE-PN 185/65R14 TL  SPIDER 86T ","PIRELLI","01-PASSEIO","Radiais S/T"
"3545.0","PIRE-PN 295/80R22.5 TL 18PR FR01 152/148M LISO","PIRELLI","03-CARGA RADIAL","Liso"
"3505.0","MAXT-PN 31X10.5R15 TL 6PR SU800 109S LT","MAXTREK","02-CAMIONETE","Radiais"
"3310.0","DUNL-PN 175/70R14 TL  TOURING T1 84T ","DUNLOP","01-PASSEIO","Radiais S/T"
"3326.0","DUNL-PN 195/55R15 TL  SPORT LM703 85V ","DUNLOP","01-PASSEIO","Radiais V"
"3398.0","FALK-PN 185/60R15 TL  ZIEX ZE-912 84H ","DUNLOP","01-PASSEIO","Radiais H"
"3506.0","MAXT-PN 235/70R16 TL  SU800 106S LT","MAXTREK","02-CAMIONETE","Radiais"
"697.0","BARU-PN 175/70R14 TL  BRILLANTIS 2 84T ","CONTINENTAL","01-PASSEIO","Radiais S/T"
"4191.0","PIRE-PN 275/80R22.5 TL 16PR FORMULA DRIVE II 149/146M LISO","PIRELLI","03-CARGA RADIAL","Liso"
"4025.0","PIRE-PN 185/65R14 TL  P4 CINTURATO 86T ","PIRELLI","01-PASSEIO","Radiais S/T"
"2777.0","TORN-PN 18.4-34 TT 12PR FIELD KING-X  R1","TORNEL","05-AGRÍCOLA","Traseiros"
"3393.0","FALK-PN 195R14C TL 8PR R51 106P ","DUNLOP","02-CAMIONETE","Comerciais Leves"
"4213.0","PIRE-PN 10.5/80-18 TT 10PR RA45  I1","PIRELLI","06-FORA DE ESTRADA","Patrolas/Escavadeiras/Terraplanagem"
"4217.0","PIRE-PN 13.6-38 TT 14PR TM75  R1","PIRELLI","05-AGRÍCOLA","Traseiros"
"4014.0","PIRE-PN 175/70R14 TL  CHRONO 88T ","PIRELLI","02-CAMIONETE","Comerciais Leves"
"4043.0","PIRE-PN 195/55R16 TL  P7 CINTURATO 91V XL","PIRELLI","01-PASSEIO","Radiais V"
"4071.0","PIRE-PN 215/45R17 TL  PHANTOM 91W XL","PIRELLI","01-PASSEIO","Radiais ZR+W+Y"
"4037.0","PIRE-PN 195/50R16 TL  P7 CINTURATO 84H ","PIRELLI","01-PASSEIO","Radiais H"
"4283.0","PIRE-PN 185/60R15 TL  P1 CINTURATO 88H XL","PIRELLI","01-PASSEIO","Radiais H"
"1811.0","PIRE-PN 225/65R17 TL  SCORPION ATR 102H ","PIRELLI","02-CAMIONETE","Radiais"
"1497.0","TORN-PN 235/75R15 TL  AT-09 104/101Q LB","TORNEL","02-CAMIONETE","Radiais"
"2754.0","TORN-PN 14.9-28 TT 10PR FIELD KING  R1","TORNEL","05-AGRÍCOLA","Traseiros"
"4066.0","PIRE-PN 205/65R15 TL  P4 CINTURATO 94T ","PIRELLI","01-PASSEIO","Radiais S/T"
"3715.0","DUNL-PN 205/55R16 TL  SPORT LM704 91V ","DUNLOP","01-PASSEIO","Radiais V"
"3613.0","DUNL-PN 275/80R22.5 TL 16PR SP871 149/146L TRACAO","DUNLOP","03-CARGA RADIAL","Tração"
"4166.0","PIRE-PN 255/70R16 TL  SCORPION ATR 109T WL","PIRELLI","02-CAMIONETE","Radiais"
"3662.0","MAXT-PN 195/70R15C TL 8PR SU810 104/102S ","MAXTREK","02-CAMIONETE","Comerciais Leves"
"3717.0","TORN-PN 185/65R15 TL  REAL 84H ","TORNEL","01-PASSEIO","Radiais H"
"1675.0","ALTU-PN 295/80R22.5 TL 16PR NXG B1 152/148M BORRACHUDO","ALTURA","03-CARGA RADIAL","Tração"
"2434.0","VIKR-PN 11.00-22 TT 16C STAR LUG 152/147K TRACAO","TORNEL","04-CARGA CONVENCIONAL","Tração"
"4415.0","PIRE-PN 295/80R22.5 TL 18PR FORMULA STEER 152/148M LISO","PIRELLI","03-CARGA RADIAL","Liso"
"1198.0","TAIS-PN 12-16.5 TL 12PR TS75  G2/L2","TAISHAN","06-FORA DE ESTRADA","Patrolas/Escavadeiras/Terraplanagem"
"2772.0","TORN-PN 7.50-16 TT 8PR DELANTERA  FF99","TORNEL","05-AGRÍCOLA","Dianteiros"
"2590.0","TAIS-PN 18.4-30 TT 14PR TS19  R1","TAISHAN","05-AGRÍCOLA","Traseiros"
"426.0","CONT-PN 215/75R17.5 TL 12PR LSR1 126/124M LISO","CONTINENTAL","03-CARGA RADIAL","Liso"
"2308.0","CONT-PN 215/45R16 TL  CONTIPREMIUMCONTACT 2 90V ","CONTINENTAL","01-PASSEIO","Radiais V"
"3354.0","DUNL-PN 195/70R15C TL 8PR LT30 104/102S ","DUNLOP","02-CAMIONETE","Comerciais Leves"
"3361.0","DUNL-PN 235/60R16 TL  GRANDTREK PT2 100H ","DUNLOP","02-CAMIONETE","Radiais"
"3404.0","FALK-PN 205/75R16C TL 8PR R51 110R ","DUNLOP","02-CAMIONETE","Comerciais Leves"
"3673.0","DUNL-PN 185/60R14 TL  SPORT LM704 82H ","DUNLOP","01-PASSEIO","Radiais H"
"4109.0","PIRE-PN 205/60R15 TL  P3000 90T ","PIRELLI","01-PASSEIO","Radiais S/T"
"4508.0","PIRE-PN 11.00R22 TT 16PR TG85 151/148K MISTO TRACAO","PIRELLI","03-CARGA RADIAL","Tração"
"1197.0","TAIS-PN 19.5L24 TL 12PR TS73A  R4","TAISHAN","06-FORA DE ESTRADA","Patrolas/Escavadeiras/Terraplanagem"
"1809.0","PIRE-PN 225/50R17 TL  P7 CINTURATO 94V RUN FLAT (*)","PIRELLI","01-PASSEIO","Run Flat"
"4200.0","PIRE-PN 10.00-20 TT 16PR CT65S  LISO","PIRELLI","04-CARGA CONVENCIONAL","Liso"
"2306.0","CONT-PN 205/55R17 TL  CONTIPREMIUMCONTACT 2 91V ","CONTINENTAL","01-PASSEIO","Radiais V"
"4029.0","PIRE-PN 185/65R15 TL  P1 CINTURATO 92H XL","PIRELLI","01-PASSEIO","Radiais H"
"4036.0","PIRE-PN 195/50R15 TL  PHANTOM 82W XL","PIRELLI","01-PASSEIO","Radiais ZR+W+Y"
"4192.0","PIRE-PN 275/80R22.5 TL 16PR TG85 149/146L MISTO TRACAO","PIRELLI","03-CARGA RADIAL","Mistos"
"4353.0","PIRE-PN 9.00R20 TT 14PR FG85 140/137K MISTO DIRECIONAL","PIRELLI","03-CARGA RADIAL","Mistos"
"1408.0","TORN-PN 195/60R14 TL  ASTRAL 85H ","TORNEL","01-PASSEIO","Radiais H"
"4344.0","PIRE-PN 7.50-16 TT 10PR RT59  TRACAO","PIRELLI","04-CARGA CONVENCIONAL","Tração"
"1406.0","TORN-PN 195/70R14 TL  AMERICA SELECTA 90S ","TORNEL","01-PASSEIO","Radiais S/T"
"3721.0","DUNL-PN 195/65R15 TL  SPORT LM704 91H ","DUNLOP","01-PASSEIO","Radiais H"
"3382.0","DUNL-PN 11.00R22 TT 16PR SP431A 150/146L TRACAO","DUNLOP","03-CARGA RADIAL","Tração"
"4113.0","PIRE-PN 5.60-15 TT 4PR TORNADO  ","PIRELLI","01-PASSEIO","Convencionais"
"4173.0","PIRE-PN 215/80R16 TL  SCORPION MTR 107R XL","PIRELLI","02-CAMIONETE","Radiais"
"4180.0","PIRE-PN 205/70R15C TL  CHRONO 106R ","PIRELLI","02-CAMIONETE","Comerciais Leves"
"2297.0","CONT-PN 185/70R14 TL  CONTIPOWERCONTACT 88H ","CONTINENTAL","01-PASSEIO","Radiais H"
"2750.0","TORN-PN 14.9-24 TT 10PR FIELD KING  R1","TORNEL","05-AGRÍCOLA","Traseiros"
"3681.0","MAXT-PN 205/75R16C TL 8PR MK700 110/108S ","MAXTREK","02-CAMIONETE","Comerciais Leves"
"1736.0","PIRE-PN 205/55R16 TL  PHANTON 91W ","PIRELLI","01-PASSEIO","Radiais ZR+W+Y"
"563.0","BARU-PN 175/70R13 TL  BRILLANTIS 2 82T ","CONTINENTAL","01-PASSEIO","Radiais S/T"
"2832.0","LING-PN 215/75R17.5 TL 14PR LLF86 126/124M ","LING LONG","03-CARGA RADIAL","Liso"
"3626.0","MAXT-PN 235/65R17 TL  SIERRA S6 104V ","MAXTREK","02-CAMIONETE","Radiais"
"1468.0","VIKR-PN 9.00-20 TT 16PR STAR LUG 142/138M TRACAO","TORNEL","04-CARGA CONVENCIONAL","Tração"
"4154.0","PIRE-PN 235/70R16 TL  SCORPION ATR 105T OE","PIRELLI","02-CAMIONETE","Radiais"
"1172.0","TAIS-PN 14.9-26 TT 10PR TS58  R1","TAISHAN","05-AGRÍCOLA","Traseiros"
"1961.0","CONT-PN 185/65R14 TL  CONTIPOWERCONTACT 86T ","CONTINENTAL","01-PASSEIO","Radiais S/T"
"4121.0","PIRE-PN 205/70R15 TL  SCORPION ATR 96T ","PIRELLI","02-CAMIONETE","Radiais"
"3731.0","DUNL-PN 195/60R15 TL  SPORT LM704 88V ","DUNLOP","01-PASSEIO","Radiais V"
"4136.0","PIRE-PN 31X10.5R15 TL  SCORPION ATR 109S WL","PIRELLI","02-CAMIONETE","Radiais"
"4020.0","PIRE-PN 185/60R14 TL  P6000 82H ","PIRELLI","01-PASSEIO","Radiais H"
"4105.0","PIRE-PN 185/65R14 TL  P400 85T ","PIRELLI","01-PASSEIO","Radiais S/T"
"4116.0","PIRE-PN 185/65R15 TL  SCORPION ATR 88H ","PIRELLI","02-CAMIONETE","Radiais"
"4120.0","PIRE-PN 205/65R15 TL  SCORPION ATR 94H ","PIRELLI","02-CAMIONETE","Radiais"
"4175.0","PIRE-PN 185R14C TL  CHRONO 102R ","PIRELLI","02-CAMIONETE","Comerciais Leves"
"2998.0","PRES-PN 215/45R17 TL  PS55 91W ","PRESA","01-PASSEIO","Radiais ZR+W+Y"
"4199.0","PIRE-PN 295/80R22.5 TL 18PR TR85 152/148M TRACAO","PIRELLI","03-CARGA RADIAL","Tração"
"4503.0","PIRE-PN 235/70R16 TL  SCORPION ATR STREET 104T ","PIRELLI","02-CAMIONETE","Radiais"
"3330.0","DUNL-PN 205/55R16 TL  SP SPORT MAXX 91W ","DUNLOP","01-PASSEIO","Radiais ZR+W+Y"
"3357.0","DUNL-PN 205/70R15 TL  GRANDTREK AT3 96T OWL","DUNLOP","02-CAMIONETE","Radiais"
"3401.0","FALK-PN 195/55R16 TL  ZIEX ZE-912 87V ","DUNLOP","01-PASSEIO","Radiais V"
"1475.0","TORN-PN 235/70R16 TL 6PR AT-09 104/101Q LB","TORNEL","02-CAMIONETE","Radiais"
"2775.0","TORN-PN 18.4-30 TT 12PR FIELD KING-X  R1","TORNEL","05-AGRÍCOLA","Traseiros"
"4147.0","PIRE-PN 215/80R16 TL  SCORPION ATR 107T XL","PIRELLI","02-CAMIONETE","Radiais"
"4032.0","PIRE-PN 195/40R17 TL  P ZERO NERO GT 81W ZR XL","PIRELLI","01-PASSEIO","Radiais ZR+W+Y"
"3629.0","MAXT-PN 185/60R14 TL  MAXIMUS M1 82H ","MAXTREK","01-PASSEIO","Radiais H"
"3663.0","MAXT-PN 225/70R15C TL 8PR SU810 112/110S ","MAXTREK","02-CAMIONETE","Comerciais Leves"
"3360.0","DUNL-PN 235/75R15 TL  GRANDTREK AT3 104S OWL","DUNLOP","02-CAMIONETE","Radiais"
"4001.0","PIRE-PN 165/70R13 TL  P1 CINTURATO 79T ","PIRELLI","01-PASSEIO","Radiais S/T"
"3720.0","DUNL-PN 195/55R15 TL  SPORT LM704 85V ","DUNLOP","01-PASSEIO","Radiais V"
"1423.0","TORN-PN 175/70R13 TL  DEPORTIVA 82S ","TORNEL","01-PASSEIO","Radiais S/T"
"4207.0","PIRE-PN 7.50-16 TT 10PR CT52  LISO","PIRELLI","04-CARGA CONVENCIONAL","Liso"
"3677.0","MAXT-PN 235/55R17 TL  MAXIMUS M1 103W ","MAXTREK","01-PASSEIO","Radiais ZR+W+Y"
"4228.0","PIRE-PN 18.4-26 TT 12PR TM95  R1","PIRELLI","05-AGRÍCOLA","Traseiros"
"432.0","CONT-PN 11.00R22 TT 16PR HSR1 151/148K LISO","CONTINENTAL","03-CARGA RADIAL","Liso"
"4295.0","PIRE-PN 195/60R15 TL  P6000 88H ","PIRELLI","01-PASSEIO","Radiais H"
"4031.0","PIRE-PN 185/70R14 TL  P6000 88H ","PIRELLI","01-PASSEIO","Radiais H"
"2770.0","TORN-PN 14.9-24 TT 12PR FIELD KING  ","TORNEL","05-AGRÍCOLA","Traseiros"
"3392.0","FALK-PN 185R14C TL 8PR R51 102P ","DUNLOP","02-CAMIONETE","Comerciais Leves"
"3779.0","DUNL-PN 205/60R15 TL  SPORT LM704 91V ","DUNLOP","01-PASSEIO","Radiais H"
"2532.0","CONT-PN 225/75R16C TL 8PR VANCO 8 118/116R ","CONTINENTAL","02-CAMIONETE","Comerciais Leves"
"4049.0","PIRE-PN 205/40R17 TL  PHANTOM 84W XL","PIRELLI","01-PASSEIO","Radiais ZR+W+Y"
"2541.0","GETI-PN 185/70R14 TL  EVERTREK RT 88T ","CONTINENTAL","01-PASSEIO","Radiais S/T"
"4077.0","PIRE-PN 225/40R18 TL  PHANTOM 92W XL","PIRELLI","01-PASSEIO","Radiais ZR+W+Y"
"4008.0","PIRE-PN 175/65R15 TL  P4 CINTURATO 84T K1","PIRELLI","01-PASSEIO","Radiais S/T"
"1954.0","CONT-PN 175/70R14 TL  CONTIPOWERCONTACT 84T ","CONTINENTAL","01-PASSEIO","Radiais S/T"
"562.0","BARU-PN 165/70R13 TL  BRILLANTIS 2 79T ","CONTINENTAL","01-PASSEIO","Radiais S/T"
"4220.0","PIRE-PN 14.9-24 TT 8PR TM95  R1","PIRELLI","05-AGRÍCOLA","Traseiros"
"4280.0","PIRE-PN 18.4-34 TT 10PR TM95  R1","PIRELLI","05-AGRÍCOLA","Traseiros"
"4157.0","PIRE-PN 245/45R20 TL  SCORPION VEAS 99V ","PIRELLI","02-CAMIONETE","Radiais"
"4209.0","PIRE-PN 7.50-16 TT 8PR TD500  F2","PIRELLI","05-AGRÍCOLA","Dianteiros"
"4210.0","PIRE-PN 7.50-18 TT 8PR TD500  F2","PIRELLI","05-AGRÍCOLA","Dianteiros"
"384.0","BARU-PN 225/45R17 TL  BRAVURIS 2 91W ZR","CONTINENTAL","01-PASSEIO","Radiais ZR+W+Y"
"4223.0","PIRE-PN 14.9-28 TT 8PR PD22  R2","PIRELLI","05-AGRÍCOLA","Traseiros"
"4061.0","PIRE-PN 205/60R15 TL  PHANTOM 91W ","PIRELLI","01-PASSEIO","Radiais ZR+W+Y"
"4161.0","PIRE-PN 245/70R16 TL  SCORPION ATR 111T XL","PIRELLI","02-CAMIONETE","Radiais"
"1166.0","TAIS-PN 11-38 TT 8PR TS19  R1","TAISHAN","05-AGRÍCOLA","Traseiros"
"4398.0","PIRE-PN 6.50-16 TT 10PR MT06  MILITAR","PIRELLI","02-CAMIONETE","Convencionais"
"4306.0","PIRE-PN 235/75R15 TL  SCORPION ATR 105T ","PIRELLI","02-CAMIONETE","Radiais"
"4257.0","PIRE-PN 11.00R22 TT 16PR FG85 151/148K MISTO DIRECIONAL","PIRELLI","03-CARGA RADIAL","Mistos"
"3612.0","DUNL-PN 275/70R22.5 TL 16PR SP122 148/145J LISO","DUNLOP","03-CARGA RADIAL","Liso"
"3641.0","DUNL-PN 185/70R14 TL  TOURING T1 88T ","DUNLOP","01-PASSEIO","Radiais S/T"
"2756.0","TORN-PN 10-16.5 TL 10PR JET TRAX SUPER  ","TORNEL","06-FORA DE ESTRADA","Patrolas/Escavadeiras/Terraplanagem"
"2953.0","PRES-PN 185/60R14 TL  PS01 86V ","PRESA","01-PASSEIO","Radiais V"
"4034.0","PIRE-PN 195/45R16 TL  PHANTOM 84W XL","PIRELLI","01-PASSEIO","Radiais ZR+W+Y"
"4146.0","PIRE-PN 265/75R16 TL  SCORPION ATR 123S WL","PIRELLI","02-CAMIONETE","Radiais"
"4038.0","PIRE-PN 195/50R16 TL  P7 84V ","PIRELLI","01-PASSEIO","Radiais V"
"4127.0","PIRE-PN 235/60R17 TL  SCORPION STR 102H ","PIRELLI","02-CAMIONETE","Radiais"
"4018.0","PIRE-PN 185/60R14 TL  SPIDER 82H ","PIRELLI","01-PASSEIO","Radiais H"
"1941.0","GETI-PN 165/70R13 TL  EVERTREK RT 79T ","CONTINENTAL","01-PASSEIO","Radiais S/T"
"1946.0","GETI-PN 205/55R16 TL  EVERTREK HP 91H ","CONTINENTAL","01-PASSEIO","Radiais H"
"4047.0","PIRE-PN 195/65R15 TL  P7 91H ","PIRELLI","01-PASSEIO","Radiais H"
"1953.0","CONT-PN 195/65R15 TL  CONTIPOWERCONTACT 91H ","CONTINENTAL","01-PASSEIO","Radiais H"
"4381.0","PIRE-PN 275/80R22.5 TL 16PR TG01 149/146L MISTO TRACAO","PIRELLI","03-CARGA RADIAL","Mistos"
"4515.0","PIRE-PN 265/70R16 TL  SCORPION ATR STREET 110T ","PIRELLI","02-CAMIONETE","Radiais"
"4255.0","PIRE-PN 10.5/80-18 TT 12PR RA45  I1","PIRELLI","06-FORA DE ESTRADA","Patrolas/Escavadeiras/Terraplanagem"
"3363.0","DUNL-PN 235/70R16 TL  GRANDTREK AT2 104S ","DUNLOP","02-CAMIONETE","Radiais"
"3399.0","FALK-PN 235/75R15 TL  WILDPEAK AT 104S ","DUNLOP","02-CAMIONETE","Radiais"
"3402.0","FALK-PN 205/55R16 TL  ZIEX ZE-912 91V ","DUNLOP","01-PASSEIO","Radiais V"
"3716.0","DUNL-PN 185/65R15 TL  SPORT LM704 88H ","DUNLOP","01-PASSEIO","Radiais H"
"3411.0","FALK-PN 215/45R17 TL  FK-452 87Y ","DUNLOP","01-PASSEIO","Radiais ZR+W+Y"
"4022.0","PIRE-PN 185/65R14 TL  P6 86H ","PIRELLI","01-PASSEIO","Radiais H"
"3678.0","MAXT-PN 235/70R16 TL  SIERRA S6 106H ","MAXTREK","02-CAMIONETE","Radiais"
"2774.0","TORN-PN 18.4-30 TT 10PR FIELD KING-X  R1","TORNEL","05-AGRÍCOLA","Traseiros"
"4231.0","PIRE-PN 18.4-30 TT 12PR TM95  R1","PIRELLI","05-AGRÍCOLA","Traseiros"
"4475.0","PIRE-CA -24   14.9-24 T800  ","PIRELLI","11-CAM/PROT","Agrícolas"
"3359.0","DUNL-PN 31X10.5R15 TL  GRANDTREK AT3 109S OWL","DUNLOP","02-CAMIONETE","Radiais"
"4169.0","PIRE-PN 265/65R17 TL  SCORPION ATR 112T ","PIRELLI","02-CAMIONETE","Radiais"
"2758.0","TORN-PN 12.5/80-18 TL 12PR DX  INDUSTRIAL","TORNEL","06-FORA DE ESTRADA","Patrolas/Escavadeiras/Terraplanagem"
"4215.0","PIRE-PN 12.4-36 TT 14PR TM75  R1","PIRELLI","05-AGRÍCOLA","Traseiros"
"4322.0","PIRE-PN 225/55R18 TL  SCORPION VEAS 98V ","PIRELLI","02-CAMIONETE","Radiais"
"4462.0","PIRE-CA -20   9.00-20 Z500  ","PIRELLI","11-CAM/PROT","Carga Convencional"
"4142.0","PIRE-PN 245/75R16 TL  SCORPION ATR 120R ","PIRELLI","02-CAMIONETE","Radiais"
"4464.0","PIRE-CA -22   11.00-22 Z595  ","PIRELLI","11-CAM/PROT","Carga Convencional"
"4498.0","PIRE-PT -22   22HT  ","PIRELLI","11-CAM/PROT","Protetores"
"4245.0","PIRE-PN 24.5-32 TT 12PR TM95  R1","PIRELLI","05-AGRÍCOLA","Traseiros"
"4456.0","PIRE-CA -16   6.50/7.00-16 L395  ","PIRELLI","11-CAM/PROT","Camionetes"
"4588.0","PIRE-PN 205/45R17 TL  P7 CINTURATO 88W XL RUN FLAT (*)","PIRELLI","01-PASSEIO","Run Flat"
"3630.0","MAXT-PN 235/60R16 TL  SIERRA S6 100H ","MAXTREK","02-CAMIONETE","Radiais"
"3676.0","MAXT-PN 185/55R15 TL  MAXIMUS M1 82V ","MAXTREK","01-PASSEIO","Radiais V"
"2744.0","ALTU-PN 10.00R20 TT 16PR NXG R1 146/143K LISO","ALTURA","03-CARGA RADIAL","Liso"
"477.0","CONT-PN 225/50R17 TL  CONTISPORTCONTACT 2 98Y FR XL","CONTINENTAL","01-PASSEIO","Radiais ZR+W+Y"
"3368.0","DUNL-PN 265/70R16 TL  GRANDTREK AT3 112T OWL","DUNLOP","02-CAMIONETE","Radiais"
"3395.0","FALK-PN 205/70R15C TL 8PR R51 106R ","DUNLOP","02-CAMIONETE","Comerciais Leves"
"3618.0","DUNL-PN 11.00R22 TL 16PR SP831 150/146K MISTO","DUNLOP","03-CARGA RADIAL","Mistos"
"3714.0","DUNL-PN 205/60R16 TL  SPORT LM704 92H ","DUNLOP","01-PASSEIO","Radiais H"
"3735.0","DUNL-PN 10.00R20 TT 16PR SP350A 146/143L LISO","DUNLOP","03-CARGA RADIAL","Liso"
"4259.0","PIRE-PN 12.4-24 TT 10PR TM95  R1","PIRELLI","05-AGRÍCOLA","Traseiros"
"4459.0","PIRE-CA -16   7.00/7.50-16 Z415  ","PIRELLI","11-CAM/PROT","Camionetes"
"4496.0","PIRE-PT -16   16HT  ","PIRELLI","11-CAM/PROT","Protetores"
"4177.0","PIRE-PN 195/70R15C TL  CHRONO 104R ","PIRELLI","02-CAMIONETE","Comerciais Leves"
"608.0","GETI-PN 31X10.5R15 TL  GRABBER AT2 109S OWL","CONTINENTAL","02-CAMIONETE","Radiais"
"4250.0","PIRE-PN 8.25-20 TT 14PR CT65S 133/131J LISO","PIRELLI","04-CARGA CONVENCIONAL","Liso"
"4497.0","PIRE-PT -20   20HT  ","PIRELLI","11-CAM/PROT","Protetores"
"4507.0","PIRE-PN 10.00R20 TT 16PR FORMULA DRIVE II 146/143L LISO","PIRELLI","03-CARGA RADIAL","Liso"
"2540.0","GETI-PN 185/65R14 TL  EVERTREK RT 86T ","CONTINENTAL","01-PASSEIO","Radiais S/T"
"3675.0","MAXT-PN 175/65R15 TL  MAXIMUS M1 84H ","MAXTREK","01-PASSEIO","Radiais H"
"727.0","TAIS-PN 14.00-24 TL 16PR TS52  G2/L2","TAISHAN","06-FORA DE ESTRADA","Motoniveladora"
"4141.0","PIRE-PN 245/70R16 TL  SCORPION ATR 113T WL","PIRELLI","02-CAMIONETE","Radiais"
"4463.0","PIRE-CA -20   10.00-20 Z570  ","PIRELLI","11-CAM/PROT","Carga Convencional"
"4042.0","PIRE-PN 195/55R16 TL  P7 87V ","PIRELLI","01-PASSEIO","Radiais V"
"4148.0","PIRE-PN 225/70R16 TL  SCORPION ATR 102T WL","PIRELLI","02-CAMIONETE","Radiais"
"2367.0","MAXT-PN 235/75R15 TL 6PR SU800 104/101S LT","MAXTREK","02-CAMIONETE","Radiais"
"3504.0","MAXT-PN 265/70R16 TL  SU800 112S LT","MAXTREK","02-CAMIONETE","Radiais"
"4508.0","PIRE-PN 11.00R22 TT 16PR TG85 151/148K MISTO TRACAO","PIRELLI","03-CARGA RADIAL","Mistos"
"3668.0","MAXT-PN 265/70R16 TL  SIERRA S6 112S ","MAXTREK","02-CAMIONETE","Radiais"
"553.0","CONT-PN 235/60R16 TL  CROSSCONTACT UHP 100H ","CONTINENTAL","02-CAMIONETE","Radiais"
"3409.0","FALK-PN 205/40R17 TL  FK-452 87Z ","DUNLOP","01-PASSEIO","Radiais ZR+W+Y"
"4081.0","PIRE-PN 225/45R17 TL  P7 CINTURATO 94W XL","PIRELLI","01-PASSEIO","Radiais ZR+W+Y"
"4073.0","PIRE-PN 215/55R16 TL  P7 CINTURATO 97W XL","PIRELLI","01-PASSEIO","Radiais ZR+W+Y"
"4206.0","PIRE-PN 7.00-16 TT 10PR RT59 113/112L TRACAO","PIRELLI","02-CAMIONETE","Convencionais"
"4570.0","PIRE-PN 235/45R18 TL  P ZERO NERO GT 98Y ZR XL","PIRELLI","01-PASSEIO","Radiais ZR+W+Y"
"4218.0","PIRE-PN 14.9-24 TT 6PR PD22  R2","PIRELLI","05-AGRÍCOLA","Traseiros"
"4534.0","PIRE-PN 7.50R16 TL 12PR FR85 121/120L LISO","PIRELLI","03-CARGA RADIAL","Liso"
"4554.0","PIRE-PN 275/80R22.5 TL 16PR MC01 149/146J URBANO LISO","PIRELLI","03-CARGA RADIAL","Liso"
"4072.0","PIRE-PN 215/50R17 TL  PHANTOM 91W ","PIRELLI","01-PASSEIO","Radiais ZR+W+Y"
"1466.0","TORN-PN 10.00-20 TT 16PR TXG PLUS 146/142K TRACAO","TORNEL","04-CARGA CONVENCIONAL","Tração"
"3417.0","FALK-PN 255/60R18 TL  ZIEX ZE-912 112V XL","DUNLOP","02-CAMIONETE","Radiais"
"3724.0","DUNL-PN 205/65R15 TL  SPORT LM704 94V ","DUNLOP","01-PASSEIO","Radiais V"
"3762.0","DUNL-PN 215/50R17 TL  SPORT LM704 91V ","DUNLOP","01-PASSEIO","Radiais V"
"3689.0","MAXT-PN 205/45R17 TL  MAXIMUS M1 88W ","MAXTREK","01-PASSEIO","Radiais ZR+W+Y"
"3670.0","MAXT-PN 195/75R16C TL 8PR MK700 107/105S ","MAXTREK","02-CAMIONETE","Comerciais Leves"
"4114.0","PIRE-PN 5.90-14 TT 4PR TORNADO  ","PIRELLI","01-PASSEIO","Convencionais"
"419.0","CONT-PN 185R14C TL  VANCO 8 102/100Q ","CONTINENTAL","02-CAMIONETE","Comerciais Leves"
"3688.0","MAXT-PN 205/40R17 TL  INGENS A1 84W ","MAXTREK","01-PASSEIO","Radiais ZR+W+Y"
"3778.0","DUNL-PN 175/65R14 TL  SPORT LM704 82H ","DUNLOP","01-PASSEIO","Radiais H"
"4179.0","PIRE-PN 195/75R16C TL  CHRONO 107R (MO)","PIRELLI","02-CAMIONETE","Comerciais Leves"
"4170.0","PIRE-PN 265/70R16 TL  SCORPION STR 112H OE","PIRELLI","02-CAMIONETE","Radiais"
"4243.0","PIRE-PN 23.1-30 TT 12PR TM95  R1","PIRELLI","05-AGRÍCOLA","Traseiros"
"1958.0","CONT-PN 165/70R13 TL  CONTIPOWERCONTACT 79T ","CONTINENTAL","01-PASSEIO","Radiais S/T"
"4164.0","PIRE-PN 255/65R17 TL  SCORPION ATR 110T ","PIRELLI","02-CAMIONETE","Radiais"
"3309.0","DUNL-PN 175/70R14 TL  EC201 84T ","DUNLOP","01-PASSEIO","Radiais S/T"
"3533.0","DUNL-PN 215/60R17 TL  SPORT 270 96H ","DUNLOP","01-PASSEIO","Radiais H"
"4190.0","PIRE-PN 215/75R17.5 TL 12PR FG85 126/124M MISTO DIRECIONAL","PIRELLI","03-CARGA RADIAL","Mistos"
"2665.0","TORN-PN 7.50-16 TT 16PR TXL PLUS 124/120M TRACAO","TORNEL","04-CARGA CONVENCIONAL","Liso"
"3511.0","MAXT-PN 205/70R15C TL 8PR SU830 106/104S ","MAXTREK","02-CAMIONETE","Comerciais Leves"
"1955.0","CONT-PN 175/65R14 TL  CONTIPOWERCONTACT 82H ","CONTINENTAL","01-PASSEIO","Radiais H"
"1963.0","CONT-PN 185/70R13 TL  CONTIPOWERCONTACT 86T ","CONTINENTAL","01-PASSEIO","Radiais S/T"
"3051.0","SPEC-PN 175/70R13 TL  IA-101 82H ","SPECTRA","01-PASSEIO","Radiais H"
"413.0","CONT-PN 225/45R17 TL  CONTISPORTCONTACT 3 94W ","CONTINENTAL","01-PASSEIO","Radiais ZR+W+Y"
"3163.0","ALLI-PN 16.9-28 TL 12PR 533 152A8 R4","ALLIANCE","05-AGRÍCOLA","Traseiros"
"3311.0","DUNL-PN 185/70R14 TL  EC201 88T ","DUNLOP","01-PASSEIO","Radiais S/T"
"3256.0","PIRE-PN 225/50R17 TL  P ZERO NERO 98W XL","PIRELLI","01-PASSEIO","Radiais ZR+W+Y"
"4017.0","PIRE-PN 185/55R15 TL  PHANTOM 82W ","PIRELLI","01-PASSEIO","Radiais ZR+W+Y"
"404.0","GETI-PN 235/70R16 TL  GRABBER AT2 106T FR OWL","CONTINENTAL","02-CAMIONETE","Radiais"
"4348.0","PIRE-PN 7.50-16 TT 12PR CT52  LISO","PIRELLI","04-CARGA CONVENCIONAL","Liso"
"4015.0","PIRE-PN 175/80R14 TL  CITYNET 88T AW","PIRELLI","01-PASSEIO","Radiais S/T"
"3305.0","DUNL-PN 175/65R14 TL  EC201 82T ","DUNLOP","01-PASSEIO","Radiais S/T"
"3377.0","DUNL-PN 225/55R18 TL  GRANDTREK PT2 98V ","DUNLOP","01-PASSEIO","Radiais V"
"3379.0","DUNL-PN 10.00R20 TT 16PR SP350 146/143L LISO","DUNLOP","03-CARGA RADIAL","Liso"
"4027.0","PIRE-PN 185/65R15 TL  P4 CINTURATO 88T ","PIRELLI","01-PASSEIO","Radiais S/T"
"1467.0","TORN-PN 7.50-16 TT 16PR TXL PLUS 123/119M TRACAO","TORNEL","04-CARGA CONVENCIONAL","Liso"
"3508.0","MAXT-PN 225/45R17 TL  MAXIMUS M1 94W ","MAXTREK","01-PASSEIO","Radiais ZR+W+Y"
"557.0","CONT-PN 235/75R15 TL  CROSSCONTACT LX 109T FR XL","CONTINENTAL","02-CAMIONETE","Radiais"
"3315.0","DUNL-PN 185/65R15 TL  SPORT LM703 88H ","DUNLOP","01-PASSEIO","Radiais H"
"3316.0","DUNL-PN 195/65R15 TL  SPORT LM703 91H ","DUNLOP","01-PASSEIO","Radiais H"
"4171.0","PIRE-PN 265/70R16 TL  SCORPION ATR 112T ","PIRELLI","02-CAMIONETE","Radiais"
"1445.0","TORN-PN 195R15C TL 8PR AMERICA CARGO 107/105Q ","TORNEL","02-CAMIONETE","Comerciais Leves"
"1942.0","GETI-PN 175/70R13 TL  EVERTREK RT 82T ","CONTINENTAL","01-PASSEIO","Radiais S/T"
"3302.0","DUNL-PN 175/70R13 TL  EC201 82T ","DUNLOP","01-PASSEIO","Radiais S/T"
"3321.0","DUNL-PN 215/65R16 TL  SPORT LM703 98H ","DUNLOP","01-PASSEIO","Radiais H"
"3347.0","DUNL-PN 225/45R18 TL  SPORT LM703 95W XL","DUNLOP","01-PASSEIO","Radiais ZR+W+Y"
"3396.0","FALK-PN 225/70R15C TL 8PR R51 112R ","DUNLOP","02-CAMIONETE","Comerciais Leves"
"4241.0","PIRE-PN 23.1-30 TT 10PR PD22  R2","PIRELLI","05-AGRÍCOLA","Traseiros"
"3356.0","DUNL-PN 205/70R15 TL  GRANDTREK PT2 95S ","DUNLOP","02-CAMIONETE","Radiais"
"1293.0","CONT-PN 245/70R16 TL  CROSSCONTACT 111T ","CONTINENTAL","02-CAMIONETE","Radiais"
"3397.0","FALK-PN 195/50R15 TL  ZIEX ZE-912 82H ","DUNLOP","01-PASSEIO","Radiais H"
"3458.0","LING-PN 225/45R17 TL  L688 94W ","LING LONG","01-PASSEIO","Radiais ZR+W+Y"
"4152.0","PIRE-PN 235/60R18 TL  SCORPION VEAS 107V XL","PIRELLI","02-CAMIONETE","Radiais"
"3624.0","MAXT-PN 195R14C TL 8PR SU810 106/104S ","MAXTREK","02-CAMIONETE","Comerciais Leves"
"2752.0","TORN-PN 12.4-24 TT 10PR FIELD KING  R1","TORNEL","05-AGRÍCOLA","Traseiros"
"4014.0","PIRE-PN 175/70R14 TL  CHRONO 88T ","PIRELLI","01-PASSEIO","Radiais S/T"
"1268.0","CONT-PN 265/45R20 TL  CONTISPORTCONTACT 2 104Y MO","CONTINENTAL","02-CAMIONETE","Radiais"
"4052.0","PIRE-PN 205/45R17 TL  PHANTOM 84W ","PIRELLI","01-PASSEIO","Radiais ZR+W+Y"
"4239.0","PIRE-PN 23.1-26 TT 10PR PD22  R2","PIRELLI","05-AGRÍCOLA","Traseiros"
"3656.0","MAXT-PN 205R14C TL 8PR SU800 109/107S ","MAXTREK","02-CAMIONETE","Comerciais Leves"
"1244.0","CONT-PN 205/45R17 TL  CONTISPORTCONTACT 3 84V ","CONTINENTAL","01-PASSEIO","Radiais V"
"1960.0","CONT-PN 175/70R13 TL  CONTIPOWERCONTACT 82T ","CONTINENTAL","01-PASSEIO","Radiais S/T"
"3358.0","DUNL-PN 31X10.5R15 TL  GRANDTREK MT1 109N OWL","DUNLOP","02-CAMIONETE","Radiais"
"3364.0","DUNL-PN 245/70R16 TL  GRANDTREK AT3 111T ","DUNLOP","02-CAMIONETE","Radiais"
"1095.0","CONT-PN 185R14C TL  VANCO 2 102/100Q ","CONTINENTAL","02-CAMIONETE","Comerciais Leves"
"2747.0","ALTU-PN 10.00R20 TT 16PR NXG S1 146/143K MISTO","ALTURA","03-CARGA RADIAL","Mistos"
"3337.0","DUNL-PN 215/45R17 TL  SPORT LM703 87W ","DUNLOP","01-PASSEIO","Radiais ZR+W+Y"
"3667.0","MAXT-PN 215/45R17 TL  MAXIMUS M1 91W ","MAXTREK","01-PASSEIO","Radiais ZR+W+Y"
"2753.0","TORN-PN 14.9-28 TT 8PR FIELD KING  R1","TORNEL","05-AGRÍCOLA","Traseiros"
"1170.0","TAIS-PN 7.50-16 TT 8PR TS23  F2","TAISHAN","05-AGRÍCOLA","Dianteiros"
"4193.0","PIRE-PN 275/80R22.5 TL 16PR FG85 149/146L MISTO DIRECIONAL","PIRELLI","03-CARGA RADIAL","Mistos"
"2296.0","CONT-PN 185/65R15 TL  CONTIPOWERCONTACT 88H ","CONTINENTAL","01-PASSEIO","Radiais H"
"4227.0","PIRE-PN 18.4-26 TT 10PR PD22  R2","PIRELLI","05-AGRÍCOLA","Traseiros"
"4135.0","PIRE-PN 31X10.5R15 TL  SCORPION MUD 109Q ","PIRELLI","02-CAMIONETE","Radiais"
"4327.0","PIRE-PN 215/75R17.5 TL 12PR FR85 126/124M LISO","PIRELLI","03-CARGA RADIAL","Liso"
"4014.0","PIRE-PN 175/70R14 TL  CHRONO 88T ","PIRELLI","02-CAMIONETE","Radiais"
"3712.0","DUNL-PN 235/55R17 TL  SPORT LM704 99V ","DUNLOP","01-PASSEIO","Radiais V"
"1151.0","TAIS-PN 13.00-24 TL 16PR TS52  G2/L2","TAISHAN","06-FORA DE ESTRADA","Motoniveladora"
"2955.0","PRES-PN 195/65R15 TL  PS01 95V ","PRESA","01-PASSEIO","Radiais V"
"1959.0","CONT-PN 175/65R14 TL  CONTIPOWERCONTACT 82T ","CONTINENTAL","01-PASSEIO","Radiais S/T"
"2865.0","CONT-PN 265/70R16 TL  CROSSCONTACT LX 2 112H ","CONTINENTAL","02-CAMIONETE","Radiais"
"3322.0","DUNL-PN 215/60R17 TL  SPORT LM703 96H ","DUNLOP","01-PASSEIO","Radiais H"
"3339.0","DUNL-PN 225/45R17 TL  SP SPORT MAXX 94Y ","DUNLOP","01-PASSEIO","Radiais ZR+W+Y"
"3343.0","DUNL-PN 215/50R17 TL  SPORT LM703 91V ","DUNLOP","01-PASSEIO","Radiais V"
"4202.0","PIRE-PN 11.00-22 TT 16PR CT65S  LISO","PIRELLI","04-CARGA CONVENCIONAL","Liso"
"1467.0","TORN-PN 7.50-16 TT 16PR TXL PLUS 123/119M TRACAO","TORNEL","04-CARGA CONVENCIONAL","Tração"
"4253.0","PIRE-PN 10.00R20 TT 16PR TG85 146/143K MISTO TRACAO","PIRELLI","03-CARGA RADIAL","Tração"
"3527.0","FALK-PN 225/50R17 TL  ZIEX ZE-912 94V ","DUNLOP","01-PASSEIO","Radiais V"
"3384.0","DUNL-PN 275/80R22.5 TL 16PR SP122 149/146L LISO","DUNLOP","03-CARGA RADIAL","Liso"
"4413.0","PIRE-PN 255/70R16 TL  SCORPION MUD 108Q WL","PIRELLI","02-CAMIONETE","Radiais"
"4055.0","PIRE-PN 205/55R15 TL  P7 88V ","PIRELLI","01-PASSEIO","Radiais V"
"1402.0","TORN-PN 185/70R14 TL  AMERICA AT-909 87S ","TORNEL","01-PASSEIO","Radiais S/T"
"4160.0","PIRE-PN 245/65R17 TL  SCORPION ATR 111T XL","PIRELLI","02-CAMIONETE","Radiais"
"3666.0","MAXT-PN 215/55R16 TL  MAXIMUS M1 97V ","MAXTREK","01-PASSEIO","Radiais V"
"3671.0","MAXT-PN 215/75R16C TL 8PR MK700 113/111S ","MAXTREK","02-CAMIONETE","Comerciais Leves"
"2755.0","TORN-PN 19.5L24 TL 12PR KING  INDUSTRIAL","TORNEL","06-FORA DE ESTRADA","Industriais"
"3346.0","DUNL-PN 245/40R18 TL  SP SPORT MAXX 93Y ","DUNLOP","01-PASSEIO","Radiais ZR+W+Y"
"3405.0","FALK-PN 215/75R16C TL 8PR R51 113R ","DUNLOP","02-CAMIONETE","Comerciais Leves"
"1173.0","TAIS-PN 23.1-26 TT 12PR TS47  R1 STRENGHTHEN","TAISHAN","05-AGRÍCOLA","Traseiros"
"2121.0","TAIS-PN 16.9-24 TT 12PR TS47  R1","TAISHAN","05-AGRÍCOLA","Traseiros"
"2717.0","CONT-PN 265/60R18 TL  CONTI4X4CONTACT 110H MO","CONTINENTAL","02-CAMIONETE","Radiais"
"3622.0","MAXT-PN 185R14C TL 8PR SU810 102/100T ","MAXTREK","02-CAMIONETE","Comerciais Leves"
"3308.0","DUNL-PN 185/65R14 TL  SPORT LM703 86H ","DUNLOP","01-PASSEIO","Radiais H"
"1948.0","CONT-PN 195/55R15 TL  CONTIPOWERCONTACT 85H ","CONTINENTAL","01-PASSEIO","Radiais H"
"4126.0","PIRE-PN 235/60R16 TL  SCORPION VEAS 100H ","PIRELLI","02-CAMIONETE","Radiais"
"4140.0","PIRE-PN 235/85R16 TL  SCORPION ATR 120R WL","PIRELLI","02-CAMIONETE","Radiais"
"3729.0","DUNL-PN 225/45R18 TL  SPORT LM704 95W XL","DUNLOP","01-PASSEIO","Radiais ZR+W+Y"
"4423.0","PIRE-PN 225/45R18 TL  P ZERO NERO GT 95Y ZR XL","PIRELLI","01-PASSEIO","Radiais ZR+W+Y"
"3334.0","DUNL-PN 205/40R17 TL  DIREZZA DZ101 84W ","DUNLOP","01-PASSEIO","Radiais ZR+W+Y"
"4274.0","PIRE-PN 6.45-14 TT 4PR TORNADO  (165-14)","PIRELLI","01-PASSEIO","Convencionais"
"4416.0","PIRE-PN 6.50-16 TT 6PR CT52  LISO","PIRELLI","02-CAMIONETE","Convencionais"
"4335.0","PIRE-PN 275/80R22.5 TL 16PR FR01 149/146M LISO","PIRELLI","03-CARGA RADIAL","Liso"
"598.0","CONT-PN 215/70R15C TL  VANCO 2 109/107R ","CONTINENTAL","02-CAMIONETE","Comerciais Leves"
"4204.0","PIRE-PN 6.00-16 TT 6PR MT06  MILITAR","PIRELLI","02-CAMIONETE","Convencionais"
"4158.0","PIRE-PN 245/50R20 TL  SCORPION STR 102H ","PIRELLI","02-CAMIONETE","Radiais"
"4097.0","PIRE-PN 275/40R20 TL  P ZERO 106Y ZR XL","PIRELLI","01-PASSEIO","Radiais ZR+W+Y"
"4132.0","PIRE-PN 255/60R18 TL  SCORPION VEAS 112H XL","PIRELLI","02-CAMIONETE","Radiais"
"2484.0","CONT-PN 225/45R18 TL  CONTISPORTCONTACT 5 91Y SSR RUN FLAT","CONTINENTAL","01-PASSEIO","Run Flat"
"320.0","CONT-PN 205/60R15 TL  CONTIPREMIUMCONTACT 2 91H ","CONTINENTAL","01-PASSEIO","Radiais H"
"4512.0","PIRE-PN 295/80R22.5 TL 18PR FH01 152/148M LISO","PIRELLI","03-CARGA RADIAL","Liso"
"2778.0","TORN-PN 14.9-28 TT 12PR FIELD KING  R1","TORNEL","05-AGRÍCOLA","Traseiros"
"4434.0","PIRE-PN 235/45R17 TL  P ZERO 97Y ZR XL","PIRELLI","01-PASSEIO","Radiais ZR+W+Y"
"1175.0","TAIS-PN 12.4-24 TT 8PR TS59  R1","TAISHAN","05-AGRÍCOLA","Traseiros"
"4015.0","PIRE-PN 175/80R14 TL  CITYNET 88T AW","PIRELLI","02-CAMIONETE","Comerciais Leves"
"4123.0","PIRE-PN 215/65R16 TL  SCORPION STR 98H ","PIRELLI","02-CAMIONETE","Radiais"
"4094.0","PIRE-PN 245/45R20 TL  P ZERO 103Y ZR XL","PIRELLI","01-PASSEIO","Radiais ZR+W+Y"
"1409.0","TORN-PN 195/70R14 TL  ASTRAL 90H ","TORNEL","01-PASSEIO","Radiais H"
"3661.0","MAXT-PN 235/85R16 TL 10PR SU800 120/116S ","MAXTREK","02-CAMIONETE","Radiais"
"565.0","BARU-PN 185/65R14 TL  BRILLANTIS 2 86T ","CONTINENTAL","01-PASSEIO","Radiais S/T"
"4139.0","PIRE-PN 235/85R16 TL  SCORPION MUD 108Q ","PIRELLI","02-CAMIONETE","Radiais"
"3325.0","DUNL-PN 195/55R15 TL  DIREZZA DZ101 85V ","DUNLOP","01-PASSEIO","Radiais V"
"3362.0","DUNL-PN 225/70R16 TL  GRANDTREK AT3 103T ","DUNLOP","02-CAMIONETE","Radiais"
"3416.0","FALK-PN 245/60R18 TL  ZIEX ZE-912 105H ","DUNLOP","02-CAMIONETE","Radiais"
"1964.0","CONT-PN 205/55R16 TL  CONTIEXTREMECONTACT 91W DW ZR","CONTINENTAL","01-PASSEIO","Radiais ZR+W+Y"
"386.0","BARU-PN 195/55R15 TL  BRAVURIS 2 85V ","CONTINENTAL","01-PASSEIO","Radiais V"
"1962.0","CONT-PN 205/65R15 TL  CONTIPOWERCONTACT 94T ","CONTINENTAL","01-PASSEIO","Radiais S/T"
"4377.0","PIRE-PN 225/50R17 TL  P7 CINTURATO 94H RUN FLAT (*)","PIRELLI","01-PASSEIO","Run Flat"
"4219.0","PIRE-PN 14.9-24 TT 8PR PD22  R2","PIRELLI","05-AGRÍCOLA","Traseiros"
"4153.0","PIRE-PN 235/65R17 TL  SCORPION VEAS 108V XL","PIRELLI","02-CAMIONETE","Radiais"
"1196.0","TAIS-PN 23.5-25 TL 24PR TS44  E3/L3","TAISHAN","06-FORA DE ESTRADA","Compactadores"
"3185.0","ALLI-PN 23.1-30 TL 14PR 347  R1","ALLIANCE","05-AGRÍCOLA","Traseiros"
"2749.0","TORN-PN 14.9-24 TT 8PR FIELD KING  R1","TORNEL","05-AGRÍCOLA","Traseiros"
"2361.0","TORN-PN 195/50R16 TL  REAL 83V ","TORNEL","01-PASSEIO","Radiais V"
"1183.0","TAIS-PN 17.5-25 TL 16PR TS44  E3/L3","TAISHAN","06-FORA DE ESTRADA","Patrolas/Escavadeiras/Terraplanagem"
"3619.0","TAIS-PN 20.5-25 TL 20PR TS52  G2/L2","TAISHAN","06-FORA DE ESTRADA","Compactadores"
"1477.0","TORN-PN 215/70R15 TL  ASTRAL 97H ","TORNEL","01-PASSEIO","Radiais H"
"2714.0","CONT-PN 255/60R18 TL  CONTICROSSCONTACT LX 112T ","CONTINENTAL","02-CAMIONETE","Radiais"
"3771.0","MAXT-PN 245/75R16 TL  SU-800 111H ","MAXTREK","02-CAMIONETE","Radiais"
"2849.0","CONT-PN 235/70R16 TL  CROSSCONTACT LX2 106H ","CONTINENTAL","02-CAMIONETE","Radiais"
"4150.0","PIRE-PN 235/55R19 TL  SCORPION VEAS 105V XL","PIRELLI","02-CAMIONETE","Radiais"
"3380.0","DUNL-PN 10.00R20 TT 16PR SP431 146/143L TRACAO","DUNLOP","03-CARGA RADIAL","Tração"
"3403.0","FALK-PN 195/75R16C TL 8PR R51 107T ","DUNLOP","02-CAMIONETE","Comerciais Leves"
"4361.0","PIRE-PN 295/80R22.5 TL 18PR MC95 152/148J URBANO LISO","PIRELLI","03-CARGA RADIAL","Liso"
"4237.0","PIRE-PN 20.8-38 TT 12PR TM95  R1","PIRELLI","05-AGRÍCOLA","Traseiros"
"4568.0","PIRE-PN 18.4-34 TT 10PR VANTAGE  R1","PIRELLI","05-AGRÍCOLA","Traseiros"
"3753.0","MAXT-PN 255/55R19 TL  SIERRA S6 111V ","MAXTREK","01-PASSEIO","Radiais V"
"3690.0","MAXT-PN 215/40R17 TL  INGENS A1 87W ","MAXTREK","01-PASSEIO","Radiais ZR+W+Y"
"3510.0","MAXT-PN 225/55R18 TL  SIERRA S6 98V ","MAXTREK","02-CAMIONETE","Radiais"
"4337.0","PIRE-PN 295/80R22.5 TL 16PR TG01 152/148L MISTO TRACAO","PIRELLI","03-CARGA RADIAL","Mistos"
"4347.0","PIRE-PN 7.50-16 TT 12PR AS22  TRACAO","PIRELLI","04-CARGA CONVENCIONAL","Tração"
"495.0","CONT-PN 11.00R22 TT 16PR HDR 151/148K TRACAO","CONTINENTAL","03-CARGA RADIAL","Tração"
"3371.0","DUNL-PN 265/75R16 TL  GRANDTREK AT3 112S OWL","DUNLOP","02-CAMIONETE","Radiais"
"4402.0","PIRE-PN 225/55R17 TL  P ZERO NERO AS 97W ","PIRELLI","01-PASSEIO","Radiais ZR+W+Y"
"4339.0","PIRE-PN 295/80R22.5 TL 18PR TR01 152/148M TRACAO","PIRELLI","03-CARGA RADIAL","Tração"
"3732.0","TORN-PN 185/70R14 TL  CLASSIC 87S ","TORNEL","01-PASSEIO","Radiais S/T"
"4447.0","PIRE-PN 6.50-16 TT 8PR CT52  LISO","PIRELLI","02-CAMIONETE","Convencionais"
"3703.0","MAXT-PN 265/65R17 TL  SIERRA S6 112H ","MAXTREK","02-CAMIONETE","Radiais"
"4299.0","PIRE-PN 195R14C TL 8PR CHRONO 106R ","PIRELLI","02-CAMIONETE","Comerciais Leves"
"4607.0","PIRE-PN 235/60R17 TL  SCORPION VEAS 102H ","PIRELLI","02-CAMIONETE","Radiais"
"4313.0","PIRE-PN 215/50R17 TL  P7 CINTURATO 91W ","PIRELLI","01-PASSEIO","Radiais ZR+W+Y"
"2859.0","TORN-PN 16.9-30 TT 10PR FIELD KING  R1","TORNEL","05-AGRÍCOLA","Traseiros"
"3522.0","DUNL-PN 11.00R22 TL 16PR SP350 150/147L LISO","DUNLOP","03-CARGA RADIAL","Liso"
"2862.0","CONT-PN 235/75R15 TL  CROSSCONTACT LX 2 109T FR XL","CONTINENTAL","02-CAMIONETE","Radiais"
"3374.0","DUNL-PN 225/65R17 TL  GRANDTREK PT2 101H ","DUNLOP","02-CAMIONETE","Radiais"
"3400.0","FALK-PN 31X10.5R15 TL  WILDPEAK AT 109S ","DUNLOP","02-CAMIONETE","Radiais"
"4263.0","PIRE-PN 12-16.5 TL 10PR PN16  SS1","PIRELLI","06-FORA DE ESTRADA","Patrolas/Escavadeiras/Terraplanagem"
"4323.0","PIRE-PN 225/70R16 TL  SCORPION STR 102H ","PIRELLI","02-CAMIONETE","Radiais"
"640.0","GETI-PN 265/75R16 TL  GRABBER AT2 123/120Q OWL","CONTINENTAL","02-CAMIONETE","Radiais"
"4083.0","PIRE-PN 12.4-38 TT 14PR TM93  R1","PIRELLI","05-AGRÍCOLA","Traseiros"
"1806.0","PIRE-PN 225/45R17 TL  P7 94W XL OE","PIRELLI","01-PASSEIO","Radiais ZR+W+Y"
"4076.0","PIRE-PN 225/35R20 TL  PHANTOM 90W ZR XL","PIRELLI","01-PASSEIO","Radiais ZR+W+Y"
"4106.0","PIRE-PN 185/70R13 TL  P400 85T ","PIRELLI","01-PASSEIO","Radiais S/T"
"3647.0","LING-PN 195/55R15 TL  HP010 85V ","LING LONG","01-PASSEIO","Radiais V"
"1947.0","CONT-PN 185/60R14 TL  CONTIPOWERCONTACT 82H ","CONTINENTAL","01-PASSEIO","Radiais H"
"3307.0","DUNL-PN 185/65R14 TL  EC201 86T ","DUNLOP","01-PASSEIO","Radiais S/T"
"4079.0","PIRE-PN 225/45R17 TL  P7 CINTURATO 91V RUN FLAT","PIRELLI","01-PASSEIO","Run Flat"
"3261.0","PIRE-PN 225/70R16 TL  SCORPION STR 102H WL","PIRELLI","02-CAMIONETE","Radiais"
"4046.0","PIRE-PN 195/60R15 TL  P7 88V ","PIRELLI","01-PASSEIO","Radiais V"
"1920.0","GETI-PN 235/60R16 TL  GRABBER UHP 100H BSW","CONTINENTAL","02-CAMIONETE","Radiais"
"3317.0","DUNL-PN 205/65R15 TL  SPORT LM703 94H ","DUNLOP","01-PASSEIO","Radiais H"
"3441.0","DUNL-PN 205/60R16 TL  SPORT LM703 92H ","DUNLOP","01-PASSEIO","Radiais H"
"1240.0","CONT-PN 275/80R22.5 TL 16PR HDR2 149/146L TRACAO","CONTINENTAL","03-CARGA RADIAL","Tração"
"3304.0","DUNL-PN 185/60R14 TL  SPORT LM703 82H ","DUNLOP","01-PASSEIO","Radiais H"
"3314.0","DUNL-PN 205/60R15 TL  SPORT LM703 91H ","DUNLOP","01-PASSEIO","Radiais H"
"2299.0","CONT-PN 195/45R16 TL  CONTIPROCONTACT 84H ","CONTINENTAL","01-PASSEIO","Radiais H"
"2388.0","ALLI-PN 14.9-28 TT 8PR 324  R1","ALLIANCE","05-AGRÍCOLA","Traseiros"
"2416.0","ALLI-PN 7.50-16 TL 8PR 303  F2","ALLIANCE","05-AGRÍCOLA","Dianteiros"
"1225.0","MAXT-PN 185R14C TL 8PR SU832 102/100T ","MAXTREK","02-CAMIONETE","Comerciais Leves"
"1286.0","CONT-PN 235/55R19 TL  CROSSCONTACT UHP 105V ","CONTINENTAL","02-CAMIONETE","Radiais"
"4067.0","PIRE-PN 215/35R18 TL  PHANTOM 84W XL","PIRELLI","01-PASSEIO","Radiais ZR+W+Y"
"2745.0","ALTU-PN 10.00R20 TT 16PR NXG B1 146/143K BORRACHUDO","ALTURA","03-CARGA RADIAL","Tração"
"2791.0","CONT-PN 215/65R16 TL  CROSSCONTACT LX 98H ","CONTINENTAL","01-PASSEIO","Radiais H"
"1778.0","PIRE-PN 175/80R14 TL  CITYNET 88T AW OE","PIRELLI","01-PASSEIO","Radiais S/T"
"4181.0","PIRE-PN 205/75R14C TL  CHRONO 109S ","PIRELLI","02-CAMIONETE","Comerciais Leves"
"3086.0","PRES-PN 185R14C TL 8PR PV99 102/100R ","PRESA","02-CAMIONETE","Comerciais Leves"
"1115.0","PIRE-PN 19.5L-24 TT 12PR PN12  G2/L2","PIRELLI","06-FORA DE ESTRADA","Motoniveladora"
"4332.0","PIRE-PN 265/60R18 TL  SCORPION STR 110H (MO)","PIRELLI","02-CAMIONETE","Radiais"
"3300.0","DUNL-PN 165/70R13 TL  EC201 79T ","DUNLOP","01-PASSEIO","Radiais S/T"
"3472.0","ALLI-PN 600/50-22.5 TL 16PR 328 153A8/149B I3","ALLIANCE","05-AGRÍCOLA","Traseiros"
"4418.0","PIRE-PN 245/45R18 TL  P ZERO NERO GT 100Y ZR XL","PIRELLI","01-PASSEIO","Radiais ZR+W+Y"
"570.0","BARU-PN 185/70R13 TL  BRILLANTIS 2 86T ","CONTINENTAL","01-PASSEIO","Radiais S/T"
"1199.0","TAIS-PN 23.1-30 TT 12PR TS47  R1","TAISHAN","05-AGRÍCOLA","Traseiros"
"4260.0","PIRE-PN 12.4-36 TL 10PR TM75  R1","PIRELLI","05-AGRÍCOLA","Traseiros"
"599.0","CONT-PN 215/75R16C TL  VANCO 8 113/111R ","CONTINENTAL","02-CAMIONETE","Comerciais Leves"
"2793.0","TAIS-PN 16.00-25 TL 40PR TS44  E3/L3","TAISHAN","06-FORA DE ESTRADA","Compactadores"
"2552.0","ALTU-PN 19.5L24 TL 12PR TYROCK 80  ","ALTURA","06-FORA DE ESTRADA","Patrolas/Escavadeiras/Terraplanagem"
"1137.0","DUNL-PN 265/65R17 TL  GRANDTREK AT3 112S ","DUNLOP","02-CAMIONETE","Radiais"
"4225.0","PIRE-PN 14.9-28 TT 8PR TM99  R1","PIRELLI","05-AGRÍCOLA","Traseiros"
"3335.0","DUNL-PN 205/45R17 TL  SP SPORT MAXX 88W ","DUNLOP","01-PASSEIO","Radiais ZR+W+Y"
"3251.0","PIRE-PN 215/75R17.5 TL 12PR FORMULA DRIVE 126/124L LISO","PIRELLI","03-CARGA RADIAL","Liso"
"4443.0","PIRE-PN 400/60-15.5 TL 14PR HF75  I3 X-PLY","PIRELLI","06-FORA DE ESTRADA","Patrolas/Escavadeiras/Terraplanagem"
"4414.0","PIRE-PN 235/40R19 TL  P ZERO NERO GT 96Y ZR XL","PIRELLI","01-PASSEIO","Radiais ZR+W+Y"
"3318.0","DUNL-PN 215/65R15 TL  SPORT LM703 96H ","DUNLOP","01-PASSEIO","Radiais H"
"3366.0","DUNL-PN 265/70R16 TL  GRANDTREK PT2 112H ","DUNLOP","02-CAMIONETE","Radiais"
"3448.0","FALK-PN 265/65R17 TL  WILDPEAK AT 112S ","DUNLOP","02-CAMIONETE","Radiais"
"4151.0","PIRE-PN 235/55R17 TL  P ZERO NERO AS 98W ZR","PIRELLI","01-PASSEIO","Radiais ZR+W+Y"
"3625.0","MAXT-PN 255/55R18 TL  SIERRA S6 105V ","MAXTREK","01-PASSEIO","Radiais V"
"1464.0","TORN-PN 11.00-22 TT 14PR T 2400 151/147K LISO","TORNEL","04-CARGA CONVENCIONAL","Liso"
"3510.0","MAXT-PN 225/55R18 TL  SIERRA S6 98V ","MAXTREK","01-PASSEIO","Radiais V"
"3333.0","DUNL-PN 215/55R16 TL  SP SPORT MAXX 93Y ","DUNLOP","01-PASSEIO","Radiais ZR+W+Y"
"332.0","CONT-PN 205/60R15 TL  CONTIPREMIUMCONTACT 2 91V ","CONTINENTAL","01-PASSEIO","Radiais V"
"2295.0","CONT-PN 185/65R14 TL  CONTIPOWERCONTACT 86H ","CONTINENTAL","01-PASSEIO","Radiais H"
"4528.0","PIRE-PN 285/35R21 TL  P ZERO 105Y XL RUN FLAT (*)","PIRELLI","01-PASSEIO","Run Flat"
"4529.0","PIRE-PN 325/30R21 TL  P ZERO 108Y XL RUN FLAT (*)","PIRELLI","01-PASSEIO","Run Flat"
"3324.0","DUNL-PN 185/55R15 TL  SPORT LM703 82V ","DUNLOP","01-PASSEIO","Radiais V"
"1403.0","TORN-PN 195/70R14 TL  AMERICA AT-909 90S ","TORNEL","01-PASSEIO","Radiais S/T"
"4354.0","PIRE-PN 9.00R20 TT 14PR FORMULA DRIVE II 140/137L LISO","PIRELLI","03-CARGA RADIAL","Liso"
"355.0","BARU-PN 195/65R15 TL  BRAVURIS 2 91H ","CONTINENTAL","01-PASSEIO","Radiais H"
"2371.0","ALLI-PN 14.9-28 TT 8PR 358  R1","ALLIANCE","05-AGRÍCOLA","Traseiros"
"4197.0","PIRE-PN 295/80R22.5 TL 16PR FG85 152/148L MISTO DIRECIONAL","PIRELLI","03-CARGA RADIAL","Mistos"
"1188.0","TAIS-PN 12-38 TT 12PR TS58  R1","TAISHAN","05-AGRÍCOLA","Traseiros"
"3349.0","DUNL-PN 235/55R18 TL  GRANDTREK PT2 99V ","DUNLOP","02-CAMIONETE","Radiais"
"3412.0","FALK-PN 225/45R17 TL  FK-452 94Y ","DUNLOP","01-PASSEIO","Radiais ZR+W+Y"
"2591.0","TAIS-PN 18.4-26 TT 14PR TS58  R1","TAISHAN","05-AGRÍCOLA","Traseiros"
"440.0","CONT-PN 225/60R16 TL  CONTIPREMIUMCONTACT 2 98W ","CONTINENTAL","01-PASSEIO","Radiais ZR+W+Y"
"4195.0","PIRE-PN 275/80R22.5 TL 16PR MC95 149/146J LISO","PIRELLI","03-CARGA RADIAL","Liso"
"4167.0","PIRE-PN 265/50R20 TL  SCORPION STR 107V ","PIRELLI","02-CAMIONETE","Radiais"
"1956.0","CONT-PN 185/70R14 TL  CONTIPOWERCONTACT 88T ","CONTINENTAL","01-PASSEIO","Radiais S/T"
"2417.0","ALLI-PN 7.50-18 TL 8PR 303  F2","ALLIANCE","05-AGRÍCOLA","Dianteiros"
"3414.0","FALK-PN 235/65R17 TL  ZIEX ZE-912 108V XL","DUNLOP","02-CAMIONETE","Radiais"
"3722.0","DUNL-PN 205/50R17 TL  SPORT LM704 89V ","DUNLOP","01-PASSEIO","Radiais V"
"4080.0","PIRE-PN 225/45R17 TL  P7 CINTURATO 91Y AO","PIRELLI","01-PASSEIO","Radiais ZR+W+Y"
"2858.0","TORN-PN 18.4-38 TT 12PR FIELD KING  ","TORNEL","05-AGRÍCOLA","Traseiros"
"4149.0","PIRE-PN 225/75R15 TL  SCORPION ATR 105T XL WL","PIRELLI","02-CAMIONETE","Radiais"
"4194.0","PIRE-PN 275/80R22.5 TL 16PR TR85 149/146M TRACAO","PIRELLI","03-CARGA RADIAL","Tração"
"3340.0","DUNL-PN 235/45R17 TL  SP SPORT MAXX 97Y ","DUNLOP","01-PASSEIO","Radiais ZR+W+Y"
"482.0","CONT-PN 215/60R16 TL  CONTIPREMIUMCONTACT 2 99V ","CONTINENTAL","01-PASSEIO","Radiais V"
"3525.0","DUNL-PN 195/50R16 TL  DIREZZA DZ101 84V ","DUNLOP","01-PASSEIO","Radiais V"
"1040.0","PIRE-PN 9.00-16 TT 10PR TD500  F2","PIRELLI","05-AGRÍCOLA","Dianteiros"
"2543.0","GETI-PN 195/55R15 TL  EVERTREK RT 85V ","CONTINENTAL","01-PASSEIO","Radiais V"
"2294.0","CONT-PN 185/55R15 TL  CONTIPROCONTACT 82H ","CONTINENTAL","01-PASSEIO","Radiais H"
"4238.0","PIRE-PN 23.1-26 TL 14PR MB39  R1","PIRELLI","05-AGRÍCOLA","Traseiros"
"2475.0","CONT-PN 205/60R16 TL  CONTIPOWERCONTACT 92H ","CONTINENTAL","01-PASSEIO","Radiais H"
"3660.0","MAXT-PN 265/75R16 TL  SU800 123/120S ","MAXTREK","02-CAMIONETE","Radiais"
"3691.0","MAXT-PN 225/50R17 TL  MAXIMUS M1 98W ","MAXTREK","01-PASSEIO","Radiais ZR+W+Y"
"1229.0","CONT-PN 275/80R22.5 TL 16PR HSR2 149/146L LISO","CONTINENTAL","03-CARGA RADIAL","Liso"
"560.0","CONT-PN 255/50R20 TL  CROSSCONTACT UHP 109Y ","CONTINENTAL","02-CAMIONETE","Radiais"
"4395.0","PIRE-PN 245/40R17 TL  P7 CINTURATO 91W XL (MO)","PIRELLI","01-PASSEIO","Radiais ZR+W+Y"
"3763.0","DUNL-PN 225/40R18 TL  DIREZZA DZ101 88W ","DUNLOP","01-PASSEIO","Radiais ZR+W+Y"
"4394.0","PIRE-PN 255/35R18 TL  P ZERO 94Y ZR (MO)","PIRELLI","01-PASSEIO","Radiais ZR+W+Y"
"4578.0","PIRE-PN 235/40R18 TL  P ZERO 95Y ZR XL (MO)","PIRELLI","01-PASSEIO","Radiais ZR+W+Y"
"4093.0","PIRE-PN 245/45R17 TL  P7 CINTURATO 95Y AO","PIRELLI","01-PASSEIO","Radiais ZR+W+Y"
"4410.0","PIRE-PN 255/50R20 TL  SCORPION ZERO 109Y XL","PIRELLI","02-CAMIONETE","Radiais"
"483.0","CONT-PN 225/40R18 TL  CONTISPORTCONTACT 2  ZR N2 ZR","CONTINENTAL","01-PASSEIO","Radiais ZR+W+Y"
"4527.0","PIRE-PN 235/60R16 TL  SCORPION ATR STREET 100H ","PIRELLI","02-CAMIONETE","Radiais"
"3685.0","MAXT-PN 205/50R17 TL  MAXIMUS M1 93V ","MAXTREK","01-PASSEIO","Radiais V"
"3687.0","MAXT-PN 205/45R16 TL  INGENS A1 87W ","MAXTREK","01-PASSEIO","Radiais ZR+W+Y"
"4331.0","PIRE-PN 255/60R18 TL  SCORPION ATR 112T XL","PIRELLI","02-CAMIONETE","Radiais"
"4100.0","PIRE-PN 295/35R21 TL  P ZERO 107Y XL N1","PIRELLI","01-PASSEIO","Radiais ZR+W+Y"
"3728.0","DUNL-PN 215/65R16 TL  SPORT LM704 98H ","DUNLOP","01-PASSEIO","Radiais H"
"4506.0","PIRE-CA -16   7.00/7.50-16 L450  ","PIRELLI","11-CAM/PROT","Camionetes"
"4033.0","PIRE-PN 195/45R16 TL  P7 CINTURATO 84V ALL SEASON XL","PIRELLI","01-PASSEIO","Radiais V"
"4090.0","PIRE-PN 235/45R17 TL  PHANTOM 94W ","PIRELLI","01-PASSEIO","Radiais ZR+W+Y"
"4068.0","PIRE-PN 215/35R19 TL  PHANTOM 85W ZR XL","PIRELLI","01-PASSEIO","Radiais ZR+W+Y"
"4412.0","PIRE-PN 285/75R16 TL  SCORPION MTR 116Q ","PIRELLI","02-CAMIONETE","Radiais"
"3355.0","DUNL-PN 215/70R16 TL  GRANDTREK PT2 99S ","DUNLOP","02-CAMIONETE","Radiais"
"1169.0","TAIS-PN 9.5-24 TT 8PR TS21  R1","TAISHAN","05-AGRÍCOLA","Traseiros"
"1125.0","BARU-PN 185/70R14 TL  BRILLANTIS 2 88T ","CONTINENTAL","01-PASSEIO","Radiais S/T"
"4133.0","PIRE-PN 225/65R17 TL  SCORPION VEAS 102H ","PIRELLI","02-CAMIONETE","Radiais"
"4053.0","PIRE-PN 205/50R17 TL  P7 CINTURATO 93W XL","PIRELLI","01-PASSEIO","Radiais ZR+W+Y"
"4125.0","PIRE-PN 235/60R16 TL  SCORPION ATR 100H ","PIRELLI","02-CAMIONETE","Radiais"
"1752.0","LING-PN 215/45R17 TL  L688 91W ","LING LONG","01-PASSEIO","Radiais ZR+W+Y"
"4242.0","PIRE-PN 23.1-30 TT 10PR TM95  R1","PIRELLI","05-AGRÍCOLA","Traseiros"
"2769.0","CONT-PN 245/70R16 TL  CCLXSP 111T XL SPORT","CONTINENTAL","02-CAMIONETE","Radiais"
"1495.0","TORN-PN 7.00-16 TL 6PR T1300 101/96M ","TORNEL","04-CARGA CONVENCIONAL","Liso"
"4240.0","PIRE-PN 23.1-26 TT 12PR PD22  R2","PIRELLI","05-AGRÍCOLA","Traseiros"
"4108.0","PIRE-PN 195/70R14 TL  P400 90T ","PIRELLI","01-PASSEIO","Radiais S/T"
"4062.0","PIRE-PN 205/60R16 TL  P7 92H K1","PIRELLI","01-PASSEIO","Radiais H"
"2471.0","CONT-PN 195/55R16 TL  CONTIPOWERCONTACT 87V ","CONTINENTAL","01-PASSEIO","Radiais V"
"4198.0","PIRE-PN 295/80R22.5 TL 18PR FR85 152/148M LISO","PIRELLI","03-CARGA RADIAL","Liso"
"4445.0","PIRE-PN 275/70R22.5 TL 16PR FR85 148/145L LISO","PIRELLI","03-CARGA RADIAL","Liso"
"3367.0","DUNL-PN 265/70R16 TL  GRANDTREK MT2 WIDE 112Q ","DUNLOP","02-CAMIONETE","Radiais"
"3725.0","DUNL-PN 215/45R16 TL  DIREZZA DZ101 86W ","DUNLOP","01-PASSEIO","Radiais ZR+W+Y"
"4393.0","PIRE-PN 6.00-16 TT 6PR TD500  F2","PIRELLI","05-AGRÍCOLA","Dianteiros"
"4112.0","PIRE-PN 7.35-14 TT 4PR TORNADO  (185-14)","PIRELLI","01-PASSEIO","Convencionais"
"4159.0","PIRE-PN 245/60R18 TL  SCORPION VEAS 104H ","PIRELLI","02-CAMIONETE","Radiais"
"4063.0","PIRE-PN 205/60R16 TL  P7 CINTURATO 92V ","PIRELLI","01-PASSEIO","Radiais V"
"4519.0","PIRE-PN 11R22.5 TL 16PR FG85 148/145K MISTO DIRECIONAL","PIRELLI","03-CARGA RADIAL","Mistos"
"1298.0","CONT-PN 255/55R19 TL  CROSSCONTACT UHP 111H ","CONTINENTAL","02-CAMIONETE","Radiais"
"1815.0","PIRE-PN 225/45R18 TL  P7 CINTURATO 91V RUN FLAT","PIRELLI","01-PASSEIO","Run Flat"
"3226.0","TAIS-PN 18.4-26 TT 12PR TS58  R1","TAISHAN","05-AGRÍCOLA","Traseiros"
"4248.0","PIRE-PN 30.5L32 TL 12PR MB39  R1","PIRELLI","05-AGRÍCOLA","Traseiros"
"2483.0","CONT-PN 225/40R18 TL  CONTISPORTCONTACT 5 92Y MO","CONTINENTAL","01-PASSEIO","Radiais ZR+W+Y"
"1230.0","TAIS-PN 10-16.5 TL 12PR TS75  G2/L2","TAISHAN","06-FORA DE ESTRADA","Patrolas/Escavadeiras/Terraplanagem"
"4341.0","PIRE-PN 6.50-16 TT 10PR CT52 108/107L LISO","PIRELLI","02-CAMIONETE","Convencionais"
"4511.0","PIRE-PN 250/80-18 TL 12PR TM75  R1","PIRELLI","05-AGRÍCOLA","Traseiros"
"4516.0","PIRE-PN 265/75R16 TL  SCORPION ATR STREET 112S ","PIRELLI","02-CAMIONETE","Radiais"
"3700.0","MAXT-PN 245/70R16 TL  SU-800 111H ","MAXTREK","02-CAMIONETE","Radiais"
"4530.0","PIRE-PN 225/35R19 TL  P ZERO ROSSO D 84Y ZR","PIRELLI","01-PASSEIO","Radiais ZR+W+Y"
"486.0","CONT-PN 295/80R22.5 TL 16PR HDC1 152/148K TRACAO","CONTINENTAL","03-CARGA RADIAL","Tração"
"2526.0","CONT-PN 235/55R18 TL  CONTISPORTCONTACT 5 SUV 100V ","CONTINENTAL","01-PASSEIO","Radiais V"
"4128.0","PIRE-PN 235/60R18 TL  SCORPION VEAS 103H ","PIRELLI","02-CAMIONETE","Radiais"
"3312.0","DUNL-PN 175/60R15 TL  SPORT LM703 81H ","DUNLOP","01-PASSEIO","Radiais H"
"4479.0","PIRE-CA -28   14.9/16.9-28 T790  ","PIRELLI","11-CAM/PROT","Agrícolas"
"4012.0","PIRE-PN 175/70R14 TL  P1 CINTURATO 84T ","PIRELLI","01-PASSEIO","Radiais S/T"
"4439.0","PIRE-PN 225/75R16C TL  CHRONO2 118R ","PIRELLI","02-CAMIONETE","Comerciais Leves"
"4221.0","PIRE-PN 14.9-26 TT 12PR TM95  R1","PIRELLI","05-AGRÍCOLA","Traseiros"
"4343.0","PIRE-PN 7.00-16 TT 8PR CT52 113/112L LISO","PIRELLI","02-CAMIONETE","Convencionais"
"4214.0","PIRE-PN 12.4-24 TT 6PR TM95  R1","PIRELLI","05-AGRÍCOLA","Traseiros"
"4566.0","PIRE-PN 14.9-28 TT 8PR VANTAGE  R1","PIRELLI","05-AGRÍCOLA","Traseiros"
"3718.0","DUNL-PN 185/55R16 TL  SPORT LM704 83V ","DUNLOP","01-PASSEIO","Radiais V"
"3726.0","DUNL-PN 215/55R16 TL  SPORT LM704 93V ","DUNLOP","01-PASSEIO","Radiais V"
"4254.0","PIRE-PN 10.00R20 TT 16PR TR85 147/143K TRACAO","PIRELLI","03-CARGA RADIAL","Tração"
"4422.0","PIRE-PN 9.00R20 TT 14PR FR85 140/137L LISO","PIRELLI","03-CARGA RADIAL","Liso"
"1813.0","PIRE-PN 265/65R17 TL  SCORPION STR 112H OE","PIRELLI","02-CAMIONETE","Radiais"
"3679.0","MAXT-PN 235/50R18 TL  SIERRA S6 101V ","MAXTREK","02-CAMIONETE","Radiais"
"4096.0","PIRE-PN 265/45R20 TL  P ZERO ROSSO 104Y ZR (MO)","PIRELLI","02-CAMIONETE","Radiais"
"1936.0","CONT-PN 215/75R16C TL  VANCO 2 113/111R ","CONTINENTAL","02-CAMIONETE","Comerciais Leves"
"4015.0","PIRE-PN 175/80R14 TL  CITYNET 88T AW","PIRELLI","02-CAMIONETE","Radiais"
"4289.0","PIRE-PN 185/70R14 TL  P1 CINTURATO 88T ","PIRELLI","01-PASSEIO","Radiais S/T"
"4603.0","PIRE-PN 225/45R17 TL  P ZERO 91W RUN FLAT (*)","PIRELLI","01-PASSEIO","Run Flat"
"4523.0","PIRE-PN 12.00R20 TT  TG85D 156G MISTO TRACAO","PIRELLI","03-CARGA RADIAL","Mistos"
"4111.0","PIRE-PN 6.45-13 TT 4PR TORNADO  (165-13)","PIRELLI","01-PASSEIO","Convencionais"
"1326.0","CONT-PN 195/55R16 TL  CONTIPREMIUMCONTACT 2 87H ","CONTINENTAL","01-PASSEIO","Radiais H"
"2983.0","SPEC-PN 185/60R14 TL  IA-102 82H ","SPECTRA","01-PASSEIO","Radiais H"
"3182.0","TAIS-PN 12.5/80-18 TL 12PR TS78  R4","TAISHAN","05-AGRÍCOLA","Traseiros"
"4233.0","PIRE-PN 18.4-34 TT 12PR TM95  R1","PIRELLI","05-AGRÍCOLA","Traseiros"
"4429.0","PIRE-PN 12.4-36 TT 6PR TM75  R1","PIRELLI","05-AGRÍCOLA","Traseiros"
"4082.0","PIRE-PN 165/380-15 TL 4PR TORNADO  ","PIRELLI","01-PASSEIO","Convencionais"
"376.0","BARU-PN 195/60R15 TL  BRAVURIS 2 88H ","CONTINENTAL","01-PASSEIO","Radiais H"
"4075.0","PIRE-PN 225/35R19 TL  PHANTOM 88W ZR XL","PIRELLI","01-PASSEIO","Radiais ZR+W+Y"
"3148.0","LING-PN 225/40R18 TL  L688 92W RUN FLAT","LING LONG","01-PASSEIO","Radiais ZR+W+Y"
"2776.0","TORN-PN 18.4-34 TT 10PR FIELD KING-X  R1","TORNEL","05-AGRÍCOLA","Traseiros"
"2393.0","ALLI-PN 20.8-38 TT 14PR 347  R1","ALLIANCE","05-AGRÍCOLA","Traseiros"
"3627.0","MAXT-PN 225/65R17 TL  SIERRA S6 102S ","MAXTREK","02-CAMIONETE","Radiais"
"4435.0","PIRE-PN 185/55R15 TL  P7 CINTURATO 82H ","PIRELLI","01-PASSEIO","Radiais H"
"1284.0","CONT-PN 235/50R18 TL  CROSSCONTACT UHP 97V ","CONTINENTAL","02-CAMIONETE","Radiais"
"3415.0","FALK-PN 235/60R18 TL  ZIEX ZE-912 107V XL","DUNLOP","02-CAMIONETE","Radiais"
"4428.0","PIRE-PN 12.4-28 TT 6PR TM99  R1","PIRELLI","05-AGRÍCOLA","Traseiros"
"2589.0","TAIS-PN 12.4-28 TT 12PR TS19  R1","TAISHAN","05-AGRÍCOLA","Traseiros"
"3680.0","MAXT-PN 205/70R15C TL 8PR MK700 106/104S ","MAXTREK","02-CAMIONETE","Comerciais Leves"
"3319.0","DUNL-PN 215/60R16 TL  GRANDTREK PT2 95H ","DUNLOP","02-CAMIONETE","Radiais"
"3658.0","DUNL-PN 225/70R15 TL  GRANDTREK AT3 100T ","DUNLOP","02-CAMIONETE","Radiais"
"4275.0","PIRE-PN 17.5-25 TL 12PR PN12  G2/L2","PIRELLI","06-FORA DE ESTRADA","Motoniveladora"
"1789.0","PIRE-PN 205/70R15 TL  SCORPION ATR 96T OE","PIRELLI","02-CAMIONETE","Radiais"
"4336.0","PIRE-PN 275/80R22.5 TL 16PR TR01 149/146M TRACAO","PIRELLI","03-CARGA RADIAL","Tração"
"4539.0","PIRE-PN 235/50R19 TL  P ZERO 99W (MO)","PIRELLI","02-CAMIONETE","Radiais"
"4065.0","PIRE-PN 205/65R15 TL  P1 CINTURATO 94T ","PIRELLI","01-PASSEIO","Radiais S/T"
"1787.0","PIRE-PN 205/65R15 TL  SCORPION ATR 94H OE","PIRELLI","02-CAMIONETE","Radiais"
"3682.0","MAXT-PN 235/45R17 TL  MAXIMUS M1 97W ","MAXTREK","01-PASSEIO","Radiais ZR+W+Y"
"3373.0","DUNL-PN 235/60R17 TL  GRANDTREK PT2 102V ","DUNLOP","02-CAMIONETE","Radiais"
"3526.0","FALK-PN 195/45R16 TL  ZIEX ZE-912 84V ","DUNLOP","01-PASSEIO","Radiais V"
"4292.0","PIRE-PN 195/55R15 TL  P6000 85H ","PIRELLI","01-PASSEIO","Radiais H"
"4542.0","PIRE-PN 225/45R17 TL  P ZERO ROSSO 91Y ZR","PIRELLI","01-PASSEIO","Radiais ZR+W+Y"
"4246.0","PIRE-PN 28.1-26 TL 12PR MB39  R1","PIRELLI","05-AGRÍCOLA","Traseiros"
"1489.0","TORN-PN 265/75R16 TL  AT-09 112/109Q LN","TORNEL","02-CAMIONETE","Radiais"
"4551.0","PIRE-PN 245/40R18 TL  P ZERO ROSSO 93Y ZR (AO)","PIRELLI","01-PASSEIO","Radiais ZR+W+Y"
"4165.0","PIRE-PN 255/70R16 TL  SCORPION STR 109H ","PIRELLI","02-CAMIONETE","Radiais"
"3765.0","FALK-PN 235/55R19 TL  ZE-912 105W XL","DUNLOP","01-PASSEIO","Radiais ZR+W+Y"
"4390.0","PIRE-PN 235/65R17 TL  SCORPION ZERO 104H ","PIRELLI","02-CAMIONETE","Radiais"
"4537.0","PIRE-PN 10.00-20 TT 16PR AS22  TRACAO","PIRELLI","04-CARGA CONVENCIONAL","Tração"
"3042.0","PRES-PN 225/45R17 TL  PS55 94W ","PRESA","01-PASSEIO","Radiais ZR+W+Y"
"2555.0","ALTU-PN 14.00-24 TT 16PR GRADER XL AT  G2/L2","ALTURA","06-FORA DE ESTRADA","Motoniveladora"
"4474.0","PIRE-CA -24   12.4-24 T640  ","PIRELLI","11-CAM/PROT","Agrícolas"
"3704.0","MAXT-PN 265/50R20 TL  FORTIS T5 111V ","MAXTREK","02-CAMIONETE","Radiais"
"3597.0","ALTU-PN 13.00-24 TL 12PR GRADER XL AT  G2/L2","ALTURA","06-FORA DE ESTRADA","Motoniveladora"
"3365.0","DUNL-PN 255/70R16 TL  GRANDTREK AT3 111T OWL","DUNLOP","02-CAMIONETE","Radiais"
"3406.0","FALK-PN 225/75R16 TL  WILDPEAK AT 110Q ","DUNLOP","02-CAMIONETE","Radiais"
"1288.0","CONT-PN 235/60R18 TL  CROSSCONTACT UHP 107V ","CONTINENTAL","02-CAMIONETE","Radiais"
"4059.0","PIRE-PN 205/55R16 TL  P7 CINTURATO 91W RUN FLAT","PIRELLI","01-PASSEIO","Run Flat"
"4469.0","PIRE-CA -36   12.4/13.6-36 T760  ","PIRELLI","11-CAM/PROT","Agrícolas"
"3377.0","DUNL-PN 225/55R18 TL  GRANDTREK PT2 98V ","DUNLOP","02-CAMIONETE","Radiais"
"4604.0","PIRE-PN 185/55R16 TL  P1 CINTURATO 83V ","PIRELLI","01-PASSEIO","Radiais V"
"3064.0","LING-PN 215/75R15 TL  LMB3 100S ","LING LONG","02-CAMIONETE","Radiais"
"3370.0","DUNL-PN 245/75R16 TL  GRANDTREK AT3 114S ","DUNLOP","02-CAMIONETE","Radiais"
"4272.0","PIRE-PN 165/70R13 TL  P2000 79T ","PIRELLI","01-PASSEIO","Radiais S/T"
"1289.0","CONT-PN 235/70R16 TL  CROSSCONTACT LX 106H ","CONTINENTAL","02-CAMIONETE","Radiais"
"2748.0","TORN-PN 6.50-16 TL 6PR T1300 97/93M ","TORNEL","04-CARGA CONVENCIONAL","Liso"
"2876.0","GETI-PN 255/70R15 TL  GRABBER HTS 108S OWL","CONTINENTAL","02-CAMIONETE","Radiais"
"3250.0","PIRE-PN 215/75R17.5 TL 12PR CEAT DRIVER 126/124L LISO","PIRELLI","03-CARGA RADIAL","Liso"
"2593.0","TAIS-PN 7.50-20 TT 8PR TS23  F2","TAISHAN","05-AGRÍCOLA","Dianteiros"
"3532.0","DUNL-PN 175/65R15 TL  TOURING T1 84T ","DUNLOP","01-PASSEIO","Radiais S/T"
"2311.0","CONT-PN 225/45R18 TL  CONTISPORTCONTACT 5 95Y ","CONTINENTAL","01-PASSEIO","Radiais ZR+W+Y"
"4016.0","PIRE-PN 185/55R15 TL  P7 CINTURATO 82H ALL SEASON","PIRELLI","01-PASSEIO","Radiais H"
"1168.0","TAIS-PN 8.3-24 TT 8PR TS21  R1","TAISHAN","05-AGRÍCOLA","Traseiros"
"4317.0","PIRE-PN 6.00-16 TT 6PR RA45  ","PIRELLI","06-FORA DE ESTRADA","Patrolas/Escavadeiras/Terraplanagem"
"2945.0","PRES-PN 175/65R14 TL  PS01 82H ","PRESA","01-PASSEIO","Radiais H"
"2902.0","TORN-PN 195/70R14 TL  AMERICA SELECTA 90T ","TORNEL","01-PASSEIO","Radiais S/T"
"2413.0","ALLI-PN 23.1-26 TL 12PR 347  R1","ALLIANCE","05-AGRÍCOLA","Traseiros"
"892.0","CONT-PN 195/75R16C TL  VANCO 8 107/105R ","CONTINENTAL","02-CAMIONETE","Comerciais Leves"
"4266.0","PIRE-PN 14.00-24 TL 16PR PN14  G2/L2","PIRELLI","06-FORA DE ESTRADA","Motoniveladora"
"3237.0","PIRE-PN 295/80R22.5 TL 18PR FORMULA DRIVE 152/148M LISO","PIRELLI","03-CARGA RADIAL","Liso"
"4247.0","PIRE-PN 28.1-26 TL 14PR MB39  R1","PIRELLI","05-AGRÍCOLA","Traseiros"
"2710.0","CONT-PN 245/60R18 TL  CONTICROSSCONTACT LX20 105T ","CONTINENTAL","02-CAMIONETE","Radiais"
"2415.0","ALLI-PN 12.4-24 TL 8PR 357  R1","ALLIANCE","05-AGRÍCOLA","Traseiros"
"4285.0","PIRE-PN 185/65R14 TL  P2000 86T ","PIRELLI","01-PASSEIO","Radiais S/T"
"4389.0","PIRE-PN 245/45R18 TL  P7 CINTURATO 96Y ZR RUN FLAT","PIRELLI","01-PASSEIO","Run Flat"
"4086.0","PIRE-PN 225/50R17 TL  P7 CINTURATO 94W RUN FLAT (*)","PIRELLI","01-PASSEIO","Run Flat"
"4391.0","PIRE-PN 165/80R13 TL  P4 CINTURATO 83T ","PIRELLI","01-PASSEIO","Radiais S/T"
"1777.0","PIRE-PN 175/70R14 TL  SCORPION ATR 88H XL OE","PIRELLI","02-CAMIONETE","Radiais"
"4084.0","PIRE-PN 225/45R18 TL  P7 CINTURATO 91W RUN FLAT","PIRELLI","01-PASSEIO","Run Flat"
"4235.0","PIRE-PN 18.4-38 TT 14PR PD22  R2","PIRELLI","05-AGRÍCOLA","Traseiros"
"463.0","CONT-PN 225/55R17 TL  CONTIPREMIUMCONTACT 2 101W ","CONTINENTAL","01-PASSEIO","Radiais ZR+W+Y"
"2248.0","PACE-PN 195/70R15C TL 6PR PC18 104/102S ","PACE","02-CAMIONETE","Comerciais Leves"
"4251.0","PIRE-PN 11L-15 TT 10PR RA45  I1","PIRELLI","06-FORA DE ESTRADA","Patrolas/Escavadeiras/Terraplanagem"
"3531.0","FALK-PN 205/75R16C TL  R51 110R ","DUNLOP","02-CAMIONETE","Comerciais Leves"
"3255.0","PIRE-PN 205/50R17 TL  PHANTON 93W XL","PIRELLI","01-PASSEIO","Radiais ZR+W+Y"
"4234.0","PIRE-PN 18.4-34 TT 8PR PD22  R2","PIRELLI","05-AGRÍCOLA","Traseiros"
"3338.0","DUNL-PN 225/45R17 TL  DIREZZA DZ101 94W ","DUNLOP","01-PASSEIO","Radiais ZR+W+Y"
"555.0","CONT-PN 235/65R17 TL  CROSSCONTACT UHP 104V ","CONTINENTAL","02-CAMIONETE","Radiais"
"443.0","CONT-PN 215/45R17 TL  CONTISPORTCONTACT 3 91W FR XL","CONTINENTAL","01-PASSEIO","Radiais ZR+W+Y"
"4400.0","PIRE-PN 175/70R13 TL  P2000 82T ","PIRELLI","01-PASSEIO","Radiais S/T"
"2766.0","BARU-PN 185/65R15 TL  BRILLANTIS 2 88H ","CONTINENTAL","01-PASSEIO","Radiais H"
"4249.0","PIRE-PN 30.5L32 TL 14PR MB39  R1","PIRELLI","05-AGRÍCOLA","Traseiros"
"3351.0","DUNL-PN 245/45R19 TL  SP SPORT MAXX 98Y ","DUNLOP","01-PASSEIO","Radiais ZR+W+Y"
"843.0","PIRE-PN 10.5/65-16 TT 10PR RA28  I1","PIRELLI","06-FORA DE ESTRADA","Patrolas/Escavadeiras/Terraplanagem"
"1443.0","TORN-PN 205/70R14 TL  AMERICA SELECTA 93S ","TORNEL","01-PASSEIO","Radiais S/T"
"4567.0","PIRE-PN 18.4-30 TT 10PR VANTAGE  R1","PIRELLI","05-AGRÍCOLA","Traseiros"
"3341.0","DUNL-PN 245/45R17 TL  SP SPORT MAXX 95Y ","DUNLOP","01-PASSEIO","Radiais ZR+W+Y"
"4366.0","PIRE-PN 215/60R17 TL  SCORPION VEAS 96V ","PIRELLI","02-CAMIONETE","Radiais"
"4580.0","PIRE-PN 255/40R17 TL  P ZERO 94W RUN FLAT (*)","PIRELLI","01-PASSEIO","Run Flat"
"2781.0","CONT-PN 195/60R15 TL  EXTREMECONTACT 88H DW","CONTINENTAL","01-PASSEIO","Radiais H"
"2985.0","PRES-PN 265/70R16 TL  PJ77 112S ","PRESA","02-CAMIONETE","Radiais"
"456.0","CONT-PN 205R14C TL  VANCO 2 109/107P ","CONTINENTAL","02-CAMIONETE","Comerciais Leves"
"4116.0","PIRE-PN 185/65R15 TL  SCORPION ATR 88H ","PIRELLI","01-PASSEIO","Radiais H"
"3410.0","FALK-PN 215/40R17 TL  FK-452 87Z ","DUNLOP","01-PASSEIO","Radiais ZR+W+Y"
"1909.0","CONT-PN 265/70R16 TL  CROSSCONTACT LX 112H ","CONTINENTAL","02-CAMIONETE","Radiais"
"3375.0","DUNL-PN 225/65R17 TL  GRANDTREK AT3 102H ","DUNLOP","02-CAMIONETE","Radiais"
"3529.0","DUNL-PN 225/60R18 TL  GRANDTREK ST30 100H ","DUNLOP","02-CAMIONETE","Radiais"
"4346.0","PIRE-PN 7.50-16 TT 10PR TD500  F2","PIRELLI","05-AGRÍCOLA","Dianteiros"
"2466.0","CONT-PN 275/80R22.5 TL 16PR HSC1 149/146K MISTO","CONTINENTAL","03-CARGA RADIAL","Mistos"
"3388.0","DUNL-PN 295/80R22.5 TL 16PR SP581 152/148K MISTO","DUNLOP","03-CARGA RADIAL","Mistos"
"561.0","CONT-PN 255/55R18 TL  CROSSCONTACT UHP 109Y N1","CONTINENTAL","02-CAMIONETE","Radiais"
"3287.0","SPEC-PN 185R14C TL 8PR KA-101 104N ","SPECTRA","02-CAMIONETE","Comerciais Leves"
"1799.0","PIRE-PN 265/75R16 TL  SCORPION STR 123R ","PIRELLI","02-CAMIONETE","Radiais"
"2702.0","BARU-PN 185/60R15 TL  BRILLANTIS 2 88H XL","CONTINENTAL","01-PASSEIO","Radiais H"
"3342.0","DUNL-PN 205/50R17 TL  SPORT LM703 89V ","DUNLOP","01-PASSEIO","Radiais V"
"505.0","CONT-PN 225/45R17 TL  CONTISPORTCONTACT 2 91W SSR RUN FLAT","CONTINENTAL","01-PASSEIO","Run Flat"
"4222.0","PIRE-PN 14.9-28 TT 6PR PD22  R2","PIRELLI","05-AGRÍCOLA","Traseiros"
"3649.0","LING-PN 205/75R16C TL  R666 110/108R ","LING LONG","02-CAMIONETE","Comerciais Leves"
"3413.0","FALK-PN 225/65R17 TL  ZIEX ZE-912 102H ","DUNLOP","01-PASSEIO","Radiais H"
"472.0","CONT-PN 215/75R17.5 TL 12PR LSU1 126/124M URBANO","CONTINENTAL","03-CARGA RADIAL","Liso"
"559.0","CONT-PN 255/50R19 TL  CROSSCONTACT UHP 103W MO","CONTINENTAL","02-CAMIONETE","Radiais"
"4447.0","PIRE-PN 6.50-16 TT 8PR CT52  LISO","PIRELLI","02-CAMIONETE","Conv Liso"
"2950.0","TAIS-PN 10.5/80-18 TT 12PR TS78  R4","TAISHAN","06-FORA DE ESTRADA","Patrolas/Escavadeiras/Terraplanagem"
"4310.0","PIRE-PN 205R16C TL 8PR SCORPION ATR 110T ","PIRELLI","02-CAMIONETE","Radiais"
"4407.0","PIRE-PN 205/50R16 TL  PHANTOM 87W ","PIRELLI","01-PASSEIO","Radiais ZR+W+Y"
"4256.0","PIRE-PN 10-16.5 TL 10PR PN16  SS1","PIRELLI","06-FORA DE ESTRADA","Patrolas/Escavadeiras/Terraplanagem"
"4226.0","PIRE-PN 16.9-28 TT 10PR TM95  R1","PIRELLI","05-AGRÍCOLA","Traseiros"
"4261.0","PIRE-PN 12.4-36 TL 12PR TM75  R1","PIRELLI","05-AGRÍCOLA","Traseiros"
"4592.0","PIRE-PN 7.00-12 TT 12PR CI84  IND-1 X-PLY","PIRELLI","06-FORA DE ESTRADA","Motoniveladora"
"2957.0","PRES-PN 215/70R15C TL 8PR PV98 109/107Q ","PRESA","02-CAMIONETE","Comerciais Leves"
"1179.0","TAIS-PN 20.8-38 TT 12PR TS19  R1","TAISHAN","05-AGRÍCOLA","Traseiros"
"4547.0","PIRE-PN 205/50R17 TL  P6 93V XL FOUR SEASONS","PIRELLI","01-PASSEIO","Radiais ZR+W+Y"
"1186.0","TAIS-PN 16.9-28 TT 12PR TS47  R1","TAISHAN","05-AGRÍCOLA","Traseiros"
"4276.0","PIRE-PN 17.5-25 TL 12PR RM99  E3/L3","PIRELLI","06-FORA DE ESTRADA","Motoniveladora"
"4590.0","PIRE-PN 6.00-9 TT 12PR CI84  IND-1 X-PLY","PIRELLI","06-FORA DE ESTRADA","Motoniveladora"
"4145.0","PIRE-PN 265/75R16 TL  SCORPION MTR 112Q ","PIRELLI","02-CAMIONETE","Radiais"
"4446.0","PIRE-PN 205/55R17 TL  P7 CINTURATO 91V ","PIRELLI","01-PASSEIO","Radiais V"
"303.0","CONT-PN 185/55R15 TL  CONTIPREMIUMCONTACT 2 82H ","CONTINENTAL","01-PASSEIO","Radiais H"
"2898.0","CONT-PN 205/55R16 TL  CONTIPREMIUMCONTACT 2 91V ","CONTINENTAL","01-PASSEIO","Radiais V"
"3013.0","SPEC-PN 195/65R15 TL  IA-101 91H ","SPECTRA","01-PASSEIO","Radiais H"
"2956.0","PRES-PN 205/65R15 TL  PS01 99V ","PRESA","01-PASSEIO","Radiais V"
"3541.0","PRES-PN 195/65R15 TL  PS02 91H ","PRESA","01-PASSEIO","Radiais H"
"466.0","CONT-PN 215/55R16 TL  CONTIPREMIUMCONTACT 2 97W ","CONTINENTAL","01-PASSEIO","Radiais ZR+W+Y"
"3369.0","DUNL-PN 225/75R16 TL  GRANDTREK AT3 110S ","DUNLOP","02-CAMIONETE","Radiais"
"2888.0","CONT-PN 265/70R16 TL  CONTICROSSCONTACT LX 2 112H FR","CONTINENTAL","02-CAMIONETE","Radiais"
"3682.0","MAXT-PN 235/45R17 TL  MAXIMUS M1 97W ","MAXTREK","01-PASSEIO","Radiais V"
"4069.0","PIRE-PN 215/40R17 TL  PHANTOM 83W ","PIRELLI","01-PASSEIO","Radiais ZR+W+Y"
"3677.0","MAXT-PN 235/55R17 TL  MAXIMUS M1 103W ","MAXTREK","01-PASSEIO","Radiais V"
"3372.0","DUNL-PN 235/85R16 TL  GRANDTREK AT3 120R ","DUNLOP","02-CAMIONETE","Radiais"
"4345.0","PIRE-PN 7.50-16 TT 8PR MT85  MISTO","PIRELLI","04-CARGA CONVENCIONAL","Tração"
"4372.0","PIRE-PN 14.9-24 TT 8PR TM75  R1","PIRELLI","05-AGRÍCOLA","Traseiros"
"3408.0","FALK-PN 265/75R16 TL  WILDPEAK AT 123Q ","DUNLOP","02-CAMIONETE","Radiais"
"3344.0","DUNL-PN 215/55R17 TL  SPORT LM703 94V ","DUNLOP","01-PASSEIO","Radiais V"
"4525.0","PIRE-PN 9.00R20 TT 14PR TG85 140/137K MISTO TRACAO","PIRELLI","03-CARGA RADIAL","Mistos"
"4264.0","PIRE-PN 13.00-24 TT 14PR PN14  G2/L2","PIRELLI","06-FORA DE ESTRADA","Motoniveladora"
"424.0","CONT-PN 205/75R16C TL  VANCO 8 110/108R ","CONTINENTAL","02-CAMIONETE","Comerciais Leves"
"4035.0","PIRE-PN 195/50R15 TL  P7 82V ","PIRELLI","01-PASSEIO","Radiais V"
"2412.0","ALLI-PN 16.9/14-30 TL 8PR 324  R1","ALLIANCE","05-AGRÍCOLA","Traseiros"
"3323.0","DUNL-PN 195/50R15 TL  DIREZZA DZ101 82V ","DUNLOP","01-PASSEIO","Radiais V"
"4371.0","PIRE-PN 13.00-24 TT 12PR PN14  G2/L2","PIRELLI","06-FORA DE ESTRADA","Motoniveladora"
"3761.0","DUNL-PN 215/45R17 TL  SPORT LM704 91W ","DUNLOP","01-PASSEIO","Radiais ZR+W+Y"
"4509.0","PIRE-CA -26   18.4-26 T870  ","PIRELLI","11-CAM/PROT","Agrícolas"
"4544.0","PIRE-PN 285/30R19 TL  P ZERO 98Y XL (MO)","PIRELLI","01-PASSEIO","Radiais ZR+W+Y"
"3616.0","DUNL-PN 9.00R20 TL 14PR SP811 141/139K LISO","DUNLOP","03-CARGA RADIAL","Liso"
"4131.0","PIRE-PN 255/55R19 TL  SCORPION VEAS 111H XL","PIRELLI","02-CAMIONETE","Radiais"
"600.0","CONT-PN 225/70R15C TL  VANCO 2 112/110R ","CONTINENTAL","02-CAMIONETE","Comerciais Leves"
"2901.0","CONT-PN 225/50R17 TL  CONTIEXTREMECONTACT 94W FR DW","CONTINENTAL","01-PASSEIO","Radiais ZR+W+Y"
"308.0","CONT-PN 175/65R15 TL  CONTIECOCONTACT 3 84T ","CONTINENTAL","01-PASSEIO","Radiais S/T"
"1238.0","CONT-PN 235/60R17 TL  CONTI4X4CONTACT 102V MO","CONTINENTAL","02-CAMIONETE","Radiais"
"3332.0","DUNL-PN 215/55R16 TL  SPORT LM703 93V ","DUNLOP","01-PASSEIO","Radiais V"
"3232.0","ALLI-PN 18.4-26 TT 12PR 324 146A8 R1","ALLIANCE","05-AGRÍCOLA","Traseiros"
"383.0","BARU-PN 215/45R17 TL  BRAVURIS 2 91W ZR","CONTINENTAL","01-PASSEIO","Radiais ZR+W+Y"
"2305.0","CONT-PN 205/50R17 TL  CONTISPORTCONTACT 3 89V ","CONTINENTAL","01-PASSEIO","Radiais V"
"2340.0","CONT-PN 165/70R14 TL  CONTIECOCONTACT 3 81T ","CONTINENTAL","01-PASSEIO","Radiais S/T"
"1804.0","PIRE-PN 205/45R17 TL  P ZERO NERO 88W XL","PIRELLI","01-PASSEIO","Radiais ZR+W+Y"
"4277.0","PIRE-PN 175/65R14 TL  P2000 82T ","PIRELLI","01-PASSEIO","Radiais S/T"
"4270.0","PIRE-PN 16.9-28 TT 8PR TM95  R1","PIRELLI","05-AGRÍCOLA","Traseiros"
"4357.0","PIRE-PN 225/75R16 TL  SCORPION ATR 110S ","PIRELLI","02-CAMIONETE","Radiais"
"566.0","BARU-PN 185/65R14 TL  BRAVURIS 86H ","CONTINENTAL","01-PASSEIO","Radiais H"
"1535.0","LING-PN 305/75R24.5 TL 16PR F860 154/149L LISO","LING LONG","03-CARGA RADIAL","Liso"
"1907.0","CONT-PN 265/65R17 TL  CROSSCONTACT LX 112H ","CONTINENTAL","02-CAMIONETE","Radiais"
"2889.0","CONT-PN 195/55R16 TL  CONTIPREMIUMCONTACT 2 87V ","CONTINENTAL","01-PASSEIO","Radiais V"
"2682.0","CONT-PN 235/55R18 TL  CONTIPREMIUMCONTACT 2 100V ","CONTINENTAL","02-CAMIONETE","Radiais"
"2986.0","PRES-PN 205/45R17 TL  PS55 88W ","PRESA","01-PASSEIO","Radiais ZR+W+Y"
"3648.0","LING-PN 205/65R15 TL  HP010 94H ","LING LONG","01-PASSEIO","Radiais H"
"2391.0","ALLI-PN 24.5-32 TT 12PR 347  R1","ALLIANCE","05-AGRÍCOLA","Traseiros"
"1462.0","TORN-PN 11.00-20 TT 16PR T 2400 148/144K LISO","TORNEL","04-CARGA CONVENCIONAL","Liso"
"554.0","CONT-PN 235/60R18 TL  CROSSCONTACT UHP 103V ","CONTINENTAL","02-CAMIONETE","Radiais"
"3350.0","DUNL-PN 255/55R18 TL  GRANDTREK PT2 109V ","DUNLOP","02-CAMIONETE","Radiais"
"3626.0","MAXT-PN 235/65R17 TL  SIERRA S6 104V ","MAXTREK","01-PASSEIO","Radiais V"
"3712.0","DUNL-PN 235/55R17 TL  SPORT LM704 99V ","DUNLOP","01-PASSEIO","Radiais ZR+W+Y"
"379.0","BARU-PN 195/50R15 TL  BRAVURIS 2 82V ","CONTINENTAL","01-PASSEIO","Radiais V"
"3449.0","FALK-PN 265/70R15 TL  WILDPEAK AT 112T ","DUNLOP","02-CAMIONETE","Radiais"
"3348.0","DUNL-PN 225/45R18 TL  DIREZZA DZ101 91W ","DUNLOP","01-PASSEIO","Radiais ZR+W+Y"
"2418.0","ALLI-PN 12.4-28 TL 12PR 324  R1","ALLIANCE","05-AGRÍCOLA","Traseiros"
"4471.0","PIRE-CA -38   12.4/14.9-38 T690  ","PIRELLI","11-CAM/PROT","Agrícolas"
"4488.0","PIRE-CA -16   6.50/8.25-16 L430  ","PIRELLI","11-CAM/PROT","Agrícolas"
"4064.0","PIRE-PN 205/65R15 TL  P7 94H K1","PIRELLI","01-PASSEIO","Radiais H"
"4430.0","PIRE-PN 520/85R42 TL  PHP 157B R1W","PIRELLI","05-AGRÍCOLA","Traseiros"
"3719.0","DUNL-PN 185/65R14 TL  SPORT LM704 86H ","DUNLOP","01-PASSEIO","Radiais H"
"3699.0","MAXT-PN 225/70R16 TL  SU-800 107S ","MAXTREK","02-CAMIONETE","Radiais"
"3407.0","FALK-PN 245/75R16 TL  WILDPEAK AT 120Q ","DUNLOP","02-CAMIONETE","Radiais"
"1300.0","CONT-PN 255/60R18 TL  CROSSCONTACT UHP 112H ","CONTINENTAL","02-CAMIONETE","Radiais"
"467.0","CONT-PN 31X10.5R15 TL  CROSSCONTACT AT 109S OWL","CONTINENTAL","02-CAMIONETE","Radiais"
"3617.0","DUNL-PN 10.00R20 TL 14PR SP580 146/143K MISTO","DUNLOP","03-CARGA RADIAL","Mistos"
"4417.0","PIRE-PN 245/40R18 TL  P ZERO NERO GT 97Y ZR XL","PIRELLI","01-PASSEIO","Radiais ZR+W+Y"
"2838.0","CONT-PN 185/60R15 TL  CONTIEXTREMECONTACT 88H DW","CONTINENTAL","01-PASSEIO","Radiais H"
"1191.0","TAIS-PN 13.00-24 TTF 16PR TS44  E3/L3","TAISHAN","06-FORA DE ESTRADA","Motoniveladora"
"2554.0","ALTU-PN 12-16.5 TL 12PR GM LOADER ALTURA HD  ","ALTURA","06-FORA DE ESTRADA","Patrolas/Escavadeiras/Terraplanagem"
"4267.0","PIRE-PN 14.9-24 TT 6PR TM95  R1","PIRELLI","05-AGRÍCOLA","Traseiros"
"2527.0","CONT-PN 245/45R20 TL  CROSSCONTACT UHP 103V E","CONTINENTAL","02-CAMIONETE","Radiais"
"4305.0","PIRE-PN 10.5/65-16 TT 8PR RA28  I1","PIRELLI","06-FORA DE ESTRADA","Patrolas/Escavadeiras/Terraplanagem"
"502.0","GETI-PN 205/50R15 TL  XP 2000 86V ","CONTINENTAL","01-PASSEIO","Radiais V"
"4178.0","PIRE-PN 195/75R14C TL  CHRONO 106R ","PIRELLI","02-CAMIONETE","Comerciais Leves"
"3336.0","DUNL-PN 215/45R17 TL  DIREZZA DZ101 87W ","DUNLOP","01-PASSEIO","Radiais ZR+W+Y"
"4099.0","PIRE-PN 275/40R20 TL  P ZERO ROSSO 106Y ZR XL N1","PIRELLI","01-PASSEIO","Radiais ZR+W+Y"
"3320.0","DUNL-PN 205/65R16 TL  SPORT LM703 95H ","DUNLOP","01-PASSEIO","Radiais H"
"4224.0","PIRE-PN 14.9-28 TT 8PR TM95  R1","PIRELLI","05-AGRÍCOLA","Traseiros"
"4370.0","PIRE-PN 12.4-38 TT 6PR TM75  R1","PIRELLI","05-AGRÍCOLA","Traseiros"
"4352.0","PIRE-PN 7.50R16 TL 12PR FG85 121/120L MISTO","PIRELLI","03-CARGA RADIAL","Mistos"
"1911.0","CONT-PN 275/45R20 TL  CROSSCONTACT UHP 110Y ","CONTINENTAL","02-CAMIONETE","Radiais"
"3766.0","FALK-PN 265/60R18 TL  ZE-912 110V ","DUNLOP","02-CAMIONETE","Radiais"
"4168.0","PIRE-PN 265/60R18 TL  SCORPION ATR 110H WL","PIRELLI","02-CAMIONETE","Radiais"
"1218.0","CONT-PN 295/80R22.5 TL 16PR HSC1 152/148K MISTO","CONTINENTAL","03-CARGA RADIAL","Mistos"
"2687.0","CONT-PN 235/40R18 TL  CONTISPORTCONTACT 3 95W FR XL","CONTINENTAL","01-PASSEIO","Radiais ZR+W+Y"
"1263.0","CONT-PN 245/40R18 TL  CONTISPORTCONTACT 3 93Y MO","CONTINENTAL","01-PASSEIO","Radiais ZR+W+Y"
"2679.0","CONT-PN 185/55R16 TL  CONTIPREMIUMCONTACT 2 83V ","CONTINENTAL","01-PASSEIO","Radiais V"
"4375.0","PIRE-PN 18.4-26 TT 10PR TM95  R1","PIRELLI","05-AGRÍCOLA","Traseiros"
"4419.0","PIRE-PN 255/35R18 TL  P ZERO NERO GT 94Y ZR XL","PIRELLI","01-PASSEIO","Radiais ZR+W+Y"
"2969.0","PRES-PN 225/40R18 TL  PS55 92W ","PRESA","01-PASSEIO","Radiais ZR+W+Y"
"3669.0","MAXT-PN 215/70R15C TL  MK700 109/107S ","MAXTREK","02-CAMIONETE","Comerciais Leves"
"4433.0","PIRE-PN 12.5/80-18 TL 10PR PN12  G2/L2","PIRELLI","06-FORA DE ESTRADA","Patrolas/Escavadeiras/Terraplanagem"
"4089.0","PIRE-PN 225/60R18 TL  P7 100W ","PIRELLI","01-PASSEIO","Radiais ZR+W+Y"
"513.0","CONT-PN 255/35R18 TL  CONTISPORTCONTACT 3 94Y ","CONTINENTAL","01-PASSEIO","Radiais ZR+W+Y"
"1922.0","GETI-PN 255/60R18 TL  GRABBER AT2 112H ","CONTINENTAL","02-CAMIONETE","Radiais"
"4268.0","PIRE-PN 14.9-26 TT 6PR TM95  R1","PIRELLI","05-AGRÍCOLA","Traseiros"
"4406.0","PIRE-PN 265/50R19 TL  SCORPION VEAS 110V XL N0","PIRELLI","02-CAMIONETE","Radiais"
"4468.0","PIRE-CA -34   16.9/18.4-34 T995  ","PIRELLI","11-CAM/PROT","Agrícolas"
"2122.0","TAIS-PN 16.9-30 TT 10PR TS47  R1","TAISHAN","05-AGRÍCOLA","Traseiros"
"4482.0","PIRE-CA -18   7.50-18 L390  ","PIRELLI","11-CAM/PROT","Agrícolas"
"4408.0","PIRE-PN 245/40R19 TL  P ZERO NERO GT 98Y ZR XL","PIRELLI","01-PASSEIO","Radiais ZR+W+Y"
"4514.0","PIRE-PN 245/45R19 TL  P ZERO 98Y RUN FLAT (*)","PIRELLI","01-PASSEIO","Run Flat"
"4595.0","PIRE-PN 275/40R19 TL  P ZERO 101Y RUN FLAT","PIRELLI","01-PASSEIO","Run Flat"
"4541.0","PIRE-PN 225/55R19 TL  SCORPION VEAS 99H ","PIRELLI","02-CAMIONETE","Radiais"
"4301.0","PIRE-PN 255/55R19 TL  SCORPION ZERO 111V XL","PIRELLI","02-CAMIONETE","Radiais"
"4540.0","PIRE-PN 205/60R15 TL  SCORPION ATR 91H WL","PIRELLI","02-CAMIONETE","Radiais"
"4373.0","PIRE-PN 16.9-24 TT 10PR TM95  R1","PIRELLI","05-AGRÍCOLA","Traseiros"
"4489.0","PIRE-CA -24   13.00/14.00-24 E750  ","PIRELLI","11-CAM/PROT","Fora de Estrada"
"4499.0","PIRE-PT -24   24V  ","PIRELLI","11-CAM/PROT","Protetores"
"3595.0","ALTU-PN 17.5-25 TT 16PR GRADER XL AT  G2/L2","ALTURA","06-FORA DE ESTRADA","Patrolas/Escavadeiras/Terraplanagem"
"342.0","CONT-PN 205/65R15 TL  VANCOCONTACT 2 99T ","CONTINENTAL","02-CAMIONETE","Radiais"
"4003.0","PIRE-PN 175/65R14 TL  P6 82H ","PIRELLI","01-PASSEIO","Radiais H"
"3137.0","PRES-PN 205/55R16 TL  PS01 94V ","PRESA","01-PASSEIO","Radiais V"
"4287.0","PIRE-PN 285/75R16 TL  SCORPION ATR 122R WL","PIRELLI","02-CAMIONETE","Radiais"
"4308.0","PIRE-PN 205/70R15 TL  SCORPION VEAS 96H ","PIRELLI","02-CAMIONETE","Radiais"
"4265.0","PIRE-PN 14.00-24 TL 12PR PN14  G2/L2","PIRELLI","06-FORA DE ESTRADA","Motoniveladora"
"2327.0","CONT-PN 275/70R22.5 TL 18PR HSR1 148/145M LISO","CONTINENTAL","03-CARGA RADIAL","Liso"
"4367.0","PIRE-PN 235/55R18 TL  SCORPION VEAS 104V XL","PIRELLI","02-CAMIONETE","Radiais"
"2707.0","CONT-PN 235/55R17 TL  CONTICROSSCONTACT UHP 99H ","CONTINENTAL","02-CAMIONETE","Radiais"
"422.0","CONT-PN 195/70R15C TL  VANCO 2 104/102R ","CONTINENTAL","02-CAMIONETE","Comerciais Leves"
"3730.0","FALK-PN 245/75R16 TL  WILDPEAK AT2 120Q ","DUNLOP","02-CAMIONETE","Radiais"
"3632.0","MAXT-PN 205R14C TL 8PR SU810 109/107S ","MAXTREK","02-CAMIONETE","Comerciais Leves"
"3727.0","DUNL-PN 215/55R17 TL  SPORT LM704 94V ","DUNLOP","01-PASSEIO","Radiais V"
"1167.0","TAIS-PN 7.50-16 TT 8PR TS21  R1","TAISHAN","05-AGRÍCOLA","Dianteiros"
"4134.0","PIRE-PN 30X9.5R15 TL  SCORPION MUD 104Q ","PIRELLI","02-CAMIONETE","Radiais"
"3331.0","DUNL-PN 215/55R16 TL  DIREZZA DZ101 93V ","DUNLOP","01-PASSEIO","Radiais V"
"4291.0","PIRE-PN 235/50R18 TL  SCORPION VEAS 97V ","PIRELLI","02-CAMIONETE","Radiais"
"1330.0","TAIS-PN 23.5-25 TL 20PR TS57  E3/L3","TAISHAN","06-FORA DE ESTRADA","Compactadores"
"4403.0","PIRE-PN 245/35R19 TL  P ZERO NERO GT 93Y ZR XL","PIRELLI","01-PASSEIO","Radiais ZR+W+Y"
"3328.0","DUNL-PN 205/55R16 TL  DIREZZA DZ101 91V ","DUNLOP","01-PASSEIO","Radiais V"
"4208.0","PIRE-PN 7.50-16 TT 10PR AS22 116/114L TRACAO","PIRELLI","04-CARGA CONVENCIONAL","Tração"
"1910.0","CONT-PN 265/70R17 TL  CROSSCONTACT LX 115T ","CONTINENTAL","02-CAMIONETE","Radiais"
"4404.0","PIRE-PN 245/45R17 TL  P ZERO NERO GT 99Y ZR XL","PIRELLI","01-PASSEIO","Radiais ZR+W+Y"
"3600.0","ALTU-PN 18.4-30 TT 14PR SAMRAT SUPER  XL R1","ALTURA","05-AGRÍCOLA","Traseiros"
"1247.0","CONT-PN 205/45R17 TL  CONTISPORTCONTACT 3 84W SSR RUN FLAT","CONTINENTAL","01-PASSEIO","Run Flat"
"2414.0","ALLI-PN 23.1-30 TL 12PR 347  R1","ALLIANCE","05-AGRÍCOLA","Traseiros"
"4349.0","PIRE-PN 7.50-16 TT 12PR RA45  I1","PIRELLI","06-FORA DE ESTRADA","Patrolas/Escavadeiras/Terraplanagem"
"3053.0","PNDI-PN 185/60R14 TL  RD126 82H PASSAGE","PIRELLI","01-PASSEIO","Radiais H"
"3419.0","PIRE-PN 175/70R14 TL  CINTURATO P4 84T ","PIRELLI","01-PASSEIO","Radiais S/T"
"4100.0","PIRE-PN 295/35R21 TL  P ZERO 107Y XL N1","PIRELLI","02-CAMIONETE","Radiais"
"2959.0","PRES-PN 31X10.5R15 TL 6PR PJ77 109S OWL","PRESA","02-CAMIONETE","Radiais"
"1796.0","PIRE-PN 225/70R16 TL  SCORPION ATR 102T ","PIRELLI","02-CAMIONETE","Radiais"
"1281.0","CONT-PN 225/65R17 TL  CROSSCONTACT LX 102T ","CONTINENTAL","02-CAMIONETE","Radiais"
"4236.0","PIRE-PN 20.8-38 TT 10PR PD22  R2","PIRELLI","05-AGRÍCOLA","Traseiros"
"3179.0","ALLI-PN 30.5LR32 TL  360 170A8/167B ","ALLIANCE","05-AGRÍCOLA","Traseiros"
"1282.0","CONT-PN 225/70R16 TL  CROSSCONTACT LX 103S ","CONTINENTAL","02-CAMIONETE","Radiais"
"2689.0","CONT-PN 235/45R18 TL  CONTISPORTCONTACT 3 98W XL FR","CONTINENTAL","01-PASSEIO","Radiais ZR+W+Y"
"1039.0","PIRE-PN 10.00-16 TT 8PR TD500  F2","PIRELLI","05-AGRÍCOLA","Dianteiros"
"1934.0","CONT-PN 195/75R14C TL  VANCO 2 106/104Q ","CONTINENTAL","02-CAMIONETE","Comerciais Leves"
"1279.0","CONT-PN 215/70R16 TL  CROSSCONTACT LX 100S ","CONTINENTAL","02-CAMIONETE","Radiais"
"2944.0","PRES-PN 195/50R15 TL  PS01 86V ","PRESA","01-PASSEIO","Radiais V"
"4426.0","PIRE-PN 13.6-38 TT 6PR TM75  R1","PIRELLI","05-AGRÍCOLA","Traseiros"
"4269.0","PIRE-PN 215/45R18 TL  P7 CINTURATO 93W XL","PIRELLI","01-PASSEIO","Radiais ZR+W+Y"
"3657.0","TAIS-PN 23.5-25 TL 24PR TS57  E3/L3","TAISHAN","05-AGRÍCOLA","Traseiros"
"1737.0","PIRE-PN 275/80R22.5 TT 16PR FORMULA DRIVE 149/146M LISO","PIRELLI","03-CARGA RADIAL","Liso"
"887.0","PIRE-PN 185/65R14 TL  P400 86H ","PIRELLI","01-PASSEIO","Radiais S/T"
"3376.0","DUNL-PN 245/65R17 TL  GRANDTREK AT3 107H ","DUNLOP","02-CAMIONETE","Radiais"
"2372.0","ALLI-PN 18.4-30 TT 12PR 324  R1","ALLIANCE","05-AGRÍCOLA","Traseiros"
"558.0","CONT-PN 255/50R19 TL  CROSSCONTACT UHP 107V XL SSR RUN FLAT","CONTINENTAL","01-PASSEIO","Run Flat"
"2523.0","CONT-PN 215/65R16 TL  CROSSCONTACT AT 98T ","CONTINENTAL","01-PASSEIO","Radiais S/T"
"3127.0","ALLI-PN 12.4-28 TT 8PR 304  R1","ALLIANCE","05-AGRÍCOLA","Traseiros"
"446.0","CONT-PN 235/60R16 TL  CONTIPREMIUMCONTACT 2 100W ","CONTINENTAL","01-PASSEIO","Radiais ZR+W+Y"
"1251.0","CONT-PN 225/50R17 TL  CONTIEXTREMECONTACT 94W DW","CONTINENTAL","01-PASSEIO","Radiais ZR+W+Y"
"1728.0","PRES-PN 225/50R17 TL  PS55 98W ","PRESA","01-PASSEIO","Radiais ZR+W+Y"
"4546.0","PIRE-PN 225/55R17 TL  P7 CINTURATO 97Y (AO)","PIRELLI","01-PASSEIO","Radiais ZR+W+Y"
"4591.0","PIRE-PN 6.50-10 TT 10PR CI84  IND-1 X-PLY","PIRELLI","06-FORA DE ESTRADA","Motoniveladora"
"1817.0","PIRE-PN 235/60R18 TL  SCORPION ZERO 103V ","PIRELLI","02-CAMIONETE","Radiais"
"848.0","CONT-PN 275/80R22.5 TL 16PR HSR1 149/146L LISO","CONTINENTAL","03-CARGA RADIAL","Liso"
"1924.0","GETI-PN 265/70R15 TL  GRABBER AT2 112S FR OWL","CONTINENTAL","02-CAMIONETE","Radiais"
"1219.0","CONT-PN 275/80R22.5 TL 16PR HSU 148/145L URBANO","CONTINENTAL","03-CARGA RADIAL","Liso"
"2386.0","ALLI-PN 14.9-24 TT 8PR 324  R1","ALLIANCE","05-AGRÍCOLA","Traseiros"
"4526.0","PIRE-PN 235/645-18 TL  P ZERO SLICK  COMPETICAO","PIRELLI","01-PASSEIO","Radiais ZR+W+Y"
"3012.0","SPEC-PN 195/70R14 TL  IA-101 91H ","SPECTRA","01-PASSEIO","Radiais H"
"4296.0","PIRE-PN 195/65R15 TL  P6000 91H ","PIRELLI","01-PASSEIO","Radiais H"
"1223.0","MAXT-PN 195/55R15 TL  SU830 85V ","MAXTREK","01-PASSEIO","Radiais V"
"3695.0","MAXT-PN 215/35R19 TL  INGENS A1 85W ","MAXTREK","01-PASSEIO","Radiais ZR+W+Y"
"4505.0","PIRE-PT -25   24/25U  ","PIRELLI","11-CAM/PROT","Protetores"
"4431.0","PIRE-PN 275/45R22 TL  SCORPION ZERO 112V XL","PIRELLI","02-CAMIONETE","Radiais"
"2324.0","CONT-PN 275/40R20 TL  CONTI4X4SPORTCONTACT 106Y FR","CONTINENTAL","02-CAMIONETE","Radiais"
"3327.0","DUNL-PN 205/50R16 TL  SPORT LM703 87V ","DUNLOP","01-PASSEIO","Radiais V"
"617.0","GETI-PN 235/75R15 TL  GRABBER AT2 109S XL OWL","CONTINENTAL","02-CAMIONETE","Radiais"
"3654.0","LING-PN 205/70R15 TL  ECOTOURING 96T ","LING LONG","01-PASSEIO","Radiais S/T"
"1234.0","CONT-PN 275/80R22.5 TL 16PR HSU1 149/146L URBANO","CONTINENTAL","03-CARGA RADIAL","Liso"
"4070.0","PIRE-PN 215/40R18 TL  P ZERO NERO 89W XL","PIRELLI","01-PASSEIO","Radiais ZR+W+Y"
"462.0","CONT-PN 195/65R15 TL  CONTIPREMIUMCONTACT 91V ML","CONTINENTAL","01-PASSEIO","Radiais V"
"1906.0","CONT-PN 265/50R20 TL  CROSSCONTACT UHP 111V FR XL","CONTINENTAL","02-CAMIONETE","Radiais"
"4351.0","PIRE-PN 7.50-20 TT 8PR RA45  I1","PIRELLI","06-FORA DE ESTRADA","Patrolas/Escavadeiras/Terraplanagem"
"4176.0","PIRE-PN 185R15C TL  CHRONO 103R ","PIRELLI","02-CAMIONETE","Comerciais Leves"
"2487.0","CONT-PN 235/45R17 TL  CONTISPORTCONTACT 5 94Y FR (MO)","CONTINENTAL","01-PASSEIO","Radiais ZR+W+Y"
"4342.0","PIRE-PN 11R22.5 TL 16PR FR85 148/145L LISO","PIRELLI","03-CARGA RADIAL","Liso"
"4521.0","PIRE-PN 11R22.5 TL 16PR TG85 148/145K MISTO TRACAO","PIRELLI","03-CARGA RADIAL","Mistos"
"4466.0","PIRE-CA -30   16.9/18.4-30 T940  ","PIRELLI","11-CAM/PROT","Agrícolas"
"359.0","CONT-PN 215/45R17 TL  CONTISPORTCONTACT 2 91W ","CONTINENTAL","01-PASSEIO","Radiais ZR+W+Y"
"4565.0","PIRE-PN 14.9-24 TT 8PR VANTAGE  R1","PIRELLI","05-AGRÍCOLA","Traseiros"
"4599.0","PIRE-PN 295/80R22.5 TL 18PR FORMULA TRAC II 152/148M TRACAO","PIRELLI","03-CARGA RADIAL","Tração"
"4253.0","PIRE-PN 10.00R20 TT 16PR TG85 146/143K MISTO TRACAO","PIRELLI","03-CARGA RADIAL","Mistos"
"4163.0","PIRE-PN 255/60R18 TL  SCORPION ATR 112H XL","PIRELLI","02-CAMIONETE","Radiais"
"3254.0","PIRE-PN 215/55R16 TL  P7 97W ","PIRELLI","01-PASSEIO","Radiais ZR+W+Y"
"4360.0","PIRE-PN 265/70R17 TL  SCORPION STR 121S ","PIRELLI","02-CAMIONETE","Radiais"
"1990.0","ZETA-PN 195/55R15 TL  ZTR20  ","ZETA","01-PASSEIO","Radiais V"
"576.0","BARU-PN 195/65R15 TL  BRAVURIS 2 91V ","CONTINENTAL","01-PASSEIO","Radiais V"
"4556.0","PIRE-PN 24.5-32 TT 10PR TM95  R1","PIRELLI","05-AGRÍCOLA","Traseiros"
"4572.0","PIRE-PN 275/45R20 TL  P ZERO ROSSO 110Y XL (AO)","PIRELLI","02-CAMIONETE","Radiais"
"4030.0","PIRE-PN 185/70R13 TL  SPIDER 86T ","PIRELLI","01-PASSEIO","Radiais S/T"
"1790.0","PIRE-PN 265/70R15 TL  SCORPION STR 112H ","PIRELLI","02-CAMIONETE","Radiais"
"2792.0","CONT-PN 245/65R17 TL  CROSSCONTACT LX 111T ","CONTINENTAL","02-CAMIONETE","Radiais"
"4324.0","PIRE-PN 235/50R18 TL  SCORPION STR 97H ","PIRELLI","02-CAMIONETE","Radiais"
"1413.0","TORN-PN 175/70R13 TL  DIRECCIONAL 82S ","TORNEL","01-PASSEIO","Radiais S/T"
"3131.0","TAIS-PN 12.5-18 TL 12PR TS78  R4","TAISHAN","05-AGRÍCOLA","Traseiros"
